ID,Country,Academic discipline,Career stage / position,How did you find out about this workshop?,Attendance/participation type,Stream only or also exercise group? Video or in-person?,Which days you plan to attend?
60,Norway,Civil Engineering,Graduate student,Friend / Colleague,Learner,Watching stream and participate in online exercise group (Code Refinery Zoom),"Tue, Sep 20 (Day 1); Wed, Sep 21 (Day 2); Thu, Sep 22 (Day 3); Tue, Sep 27 (Day 4); Wed, Sep 28 (Day 5); Thu, Sep 29 (Day 6)"
65,Norway,Basic Medicine,Postdoc,CodeRefinery.org,Learner,Watching stream and participate in online exercise group (Code Refinery Zoom),"Tue, Sep 20 (Day 1); Wed, Sep 21 (Day 2); Thu, Sep 22 (Day 3); Tue, Sep 27 (Day 4); Wed, Sep 28 (Day 5); Thu, Sep 29 (Day 6)"
92,Norway,Other Engineering and Technologies,Graduate student,Friend / Colleague,Learner,Watching stream and participate in online exercise group (Code Refinery Zoom),"Tue, Sep 20 (Day 1); Wed, Sep 21 (Day 2); Thu, Sep 22 (Day 3); Tue, Sep 27 (Day 4); Wed, Sep 28 (Day 5); Thu, Sep 29 (Day 6)"
232,Spain,Other Engineering and Technologies,Graduate student,Educational institute,Learner,I would like to get more information and decide later,"Tue, Sep 20 (Day 1); Wed, Sep 21 (Day 2); Thu, Sep 22 (Day 3); Tue, Sep 27 (Day 4); Wed, Sep 28 (Day 5); Thu, Sep 29 (Day 6); Not sure I can attend, but please keep me informed"
17,Sweden,Mechanical Engineering,Researcher,CodeRefinery.org; Educational institute,Learner,Watching stream and participate in online exercise group (Code Refinery Zoom),"Tue, Sep 20 (Day 1); Wed, Sep 21 (Day 2); Thu, Sep 22 (Day 3); Tue, Sep 27 (Day 4); Wed, Sep 28 (Day 5); Thu, Sep 29 (Day 6)"
107,Norway,Civil Engineering,Graduate student,Another event,Learner,Watching stream and participate in online exercise group (Code Refinery Zoom),"Tue, Sep 20 (Day 1); Wed, Sep 21 (Day 2); Thu, Sep 22 (Day 3); Tue, Sep 27 (Day 4); Wed, Sep 28 (Day 5); Thu, Sep 29 (Day 6)"
146,Sweden,Computer and Information Sciences,Industry,Friend / Colleague,Learner,Only watching the stream,"Wed, Sep 21 (Day 2); Thu, Sep 29 (Day 6)"
244,Norway,Mechanical Engineering,Graduate student,Friend / Colleague,Observer,Only watching the stream,"Wed, Sep 21 (Day 2); Tue, Sep 27 (Day 4); Wed, Sep 28 (Day 5); Thu, Sep 29 (Day 6); Not sure I can attend, but please keep me informed"
224,Denmark,Other Natural Sciences,Postdoc,Twitter,Learner,Only watching the stream,"Tue, Sep 20 (Day 1); Wed, Sep 21 (Day 2); Thu, Sep 22 (Day 3); Tue, Sep 27 (Day 4); Wed, Sep 28 (Day 5); Thu, Sep 29 (Day 6)"
196,Sweden,Computer and Information Sciences,Other,Friend / Colleague,Learner,Watching stream and participate in online exercise group (Code Refinery Zoom),"Tue, Sep 20 (Day 1); Wed, Sep 21 (Day 2); Thu, Sep 22 (Day 3); Tue, Sep 27 (Day 4); Wed, Sep 28 (Day 5); Thu, Sep 29 (Day 6)"
225,Denmark,Computer and Information Sciences,Researcher,Friend / Colleague,Learner,Only watching the stream,"Tue, Sep 20 (Day 1); Wed, Sep 21 (Day 2); Thu, Sep 22 (Day 3); Wed, Sep 28 (Day 5); Thu, Sep 29 (Day 6)"
151,Finland,Biological Sciences,Graduate student,Educational institute; Friend / Colleague,Learner,Only watching the stream,"Tue, Sep 20 (Day 1); Wed, Sep 21 (Day 2); Thu, Sep 22 (Day 3); Tue, Sep 27 (Day 4); Wed, Sep 28 (Day 5); Thu, Sep 29 (Day 6)"
249,Denmark,"Electrical Engineering, Electronic Engineering, Information Engineering",Research software engineer,Friend / Colleague,Expert helper,Watching stream and participate in online exercise group (Code Refinery Zoom),"Thu, Sep 29 (Day 6)"
37,Norway,Earth and Related Environmental Sciences,Graduate student,Friend / Colleague,Learner,Watching stream and participate in online exercise group (Code Refinery Zoom),"Tue, Sep 20 (Day 1); Wed, Sep 21 (Day 2); Thu, Sep 22 (Day 3); Tue, Sep 27 (Day 4); Wed, Sep 28 (Day 5); Thu, Sep 29 (Day 6); Not sure I can attend, but please keep me informed"
105,Finland,Physical Sciences,Researcher,Friend / Colleague,Learner,Only watching the stream,"Tue, Sep 20 (Day 1); Wed, Sep 21 (Day 2); Thu, Sep 22 (Day 3); Tue, Sep 27 (Day 4); Wed, Sep 28 (Day 5); Thu, Sep 29 (Day 6)"
159,Finland,"Electrical Engineering, Electronic Engineering, Information Engineering",Graduate student,Another event,Learner,Watching stream and participate in online exercise group (Code Refinery Zoom),"Tue, Sep 20 (Day 1); Wed, Sep 21 (Day 2); Thu, Sep 22 (Day 3); Tue, Sep 27 (Day 4); Wed, Sep 28 (Day 5); Thu, Sep 29 (Day 6)"
138,Spain,Biological Sciences,Graduate student,Friend / Colleague,Learner,Only watching the stream,"Tue, Sep 20 (Day 1); Wed, Sep 21 (Day 2); Thu, Sep 22 (Day 3); Tue, Sep 27 (Day 4); Wed, Sep 28 (Day 5); Thu, Sep 29 (Day 6)"
16,Norway,Chemical Sciences,Research software engineer,Another event,Organizer,I am an organizer or instructor or observer,"Tue, Sep 20 (Day 1); Wed, Sep 21 (Day 2); Thu, Sep 22 (Day 3); Tue, Sep 27 (Day 4); Wed, Sep 28 (Day 5); Thu, Sep 29 (Day 6)"
33,Sweden,Physical Sciences,Researcher,Educational institute,Learner,Only watching the stream,"Tue, Sep 20 (Day 1); Wed, Sep 21 (Day 2); Thu, Sep 22 (Day 3); Tue, Sep 27 (Day 4); Wed, Sep 28 (Day 5); Thu, Sep 29 (Day 6)"
130,Netherlands,Health Sciences,Graduate student,Twitter,Learner,Watching stream and participate in online exercise group (Code Refinery Zoom),"Tue, Sep 20 (Day 1); Wed, Sep 21 (Day 2); Thu, Sep 22 (Day 3); Tue, Sep 27 (Day 4); Wed, Sep 28 (Day 5); Thu, Sep 29 (Day 6)"
215,Spain,Health Sciences,Researcher,Friend / Colleague,Learner,I would like to get more information and decide later,"Not sure I can attend, but please keep me informed"
100,Finland,Mechanical Engineering,Postdoc,Educational institute,Learner,Watching stream and participate in online exercise group (Code Refinery Zoom),"Tue, Sep 20 (Day 1); Wed, Sep 21 (Day 2); Thu, Sep 22 (Day 3); Tue, Sep 27 (Day 4); Wed, Sep 28 (Day 5); Thu, Sep 29 (Day 6)"
57,Sweden,Physical Sciences,,CodeRefinery.org,Learner,Only watching the stream,"Tue, Sep 20 (Day 1); Wed, Sep 21 (Day 2); Thu, Sep 22 (Day 3); Tue, Sep 27 (Day 4); Wed, Sep 28 (Day 5); Thu, Sep 29 (Day 6)"
236,Netherlands,,Graduate student,Educational institute,Learner,Watching stream and participate in online exercise group (Code Refinery Zoom),"Tue, Sep 20 (Day 1); Wed, Sep 21 (Day 2); Thu, Sep 22 (Day 3); Tue, Sep 27 (Day 4); Wed, Sep 28 (Day 5); Thu, Sep 29 (Day 6)"
64,Norway,Psychology,Researcher,Friend / Colleague,Observer,Watching stream and participate in online exercise group (Code Refinery Zoom),"Wed, Sep 21 (Day 2); Thu, Sep 22 (Day 3); Wed, Sep 28 (Day 5); Thu, Sep 29 (Day 6)"
216,Finland,Computer and Information Sciences,Graduate student,Twitter,Learner,Only watching the stream,"Tue, Sep 20 (Day 1); Wed, Sep 21 (Day 2); Wed, Sep 28 (Day 5); Thu, Sep 29 (Day 6)"
180,Ireland,Chemical Sciences,Graduate student,Friend / Colleague,Learner,Only watching the stream,"Tue, Sep 20 (Day 1); Wed, Sep 21 (Day 2); Thu, Sep 22 (Day 3); Tue, Sep 27 (Day 4); Wed, Sep 28 (Day 5); Thu, Sep 29 (Day 6)"
95,Norway,,,Educational institute,Observer,Only watching the stream,"Tue, Sep 20 (Day 1); Wed, Sep 21 (Day 2); Thu, Sep 22 (Day 3); Tue, Sep 27 (Day 4); Wed, Sep 28 (Day 5); Thu, Sep 29 (Day 6)"
200,Spain,Physical Sciences,Graduate student,Friend / Colleague,Learner,I would like to get more information and decide later,"Tue, Sep 20 (Day 1); Wed, Sep 21 (Day 2); Thu, Sep 22 (Day 3); Tue, Sep 27 (Day 4); Wed, Sep 28 (Day 5); Thu, Sep 29 (Day 6)"
133,Denmark,Physical Sciences,Postdoc,CodeRefinery.org,Learner,Watching stream and participate in online exercise group (Code Refinery Zoom),"Tue, Sep 20 (Day 1); Wed, Sep 21 (Day 2); Thu, Sep 22 (Day 3); Tue, Sep 27 (Day 4); Wed, Sep 28 (Day 5); Thu, Sep 29 (Day 6)"
132,Turkey,,,,Learner,Only watching the stream,"Tue, Sep 20 (Day 1); Wed, Sep 21 (Day 2); Tue, Sep 27 (Day 4); Wed, Sep 28 (Day 5)"
174,Finland,Computer and Information Sciences,Graduate student,Educational institute,Observer,I would like to watch and exercise with others in-person,"Tue, Sep 20 (Day 1); Wed, Sep 21 (Day 2); Thu, Sep 22 (Day 3); Tue, Sep 27 (Day 4); Wed, Sep 28 (Day 5); Thu, Sep 29 (Day 6)"
119,Sweden,Computer and Information Sciences,Other,CodeRefinery.org; National HPC center; Friend / Colleague,Exercise leader,Watching stream and participate in online exercise group (Code Refinery Zoom),"Tue, Sep 20 (Day 1); Thu, Sep 22 (Day 3); Tue, Sep 27 (Day 4); Wed, Sep 28 (Day 5); Thu, Sep 29 (Day 6)"
106,United Kingdom,Chemical Sciences,Other,Twitter; Educational institute; National HPC center,Learner,Only watching the stream,"Tue, Sep 20 (Day 1); Wed, Sep 21 (Day 2); Thu, Sep 22 (Day 3)"
78,Netherlands,Physical Sciences,Graduate student,Educational institute,Learner,Only watching the stream,"Tue, Sep 20 (Day 1); Wed, Sep 21 (Day 2); Thu, Sep 22 (Day 3); Tue, Sep 27 (Day 4); Wed, Sep 28 (Day 5); Thu, Sep 29 (Day 6)"
208,Denmark,Mathematics,Graduate student,Twitter,Learner,Only watching the stream,"Tue, Sep 20 (Day 1); Wed, Sep 21 (Day 2); Thu, Sep 22 (Day 3); Tue, Sep 27 (Day 4); Wed, Sep 28 (Day 5); Thu, Sep 29 (Day 6)"
110,Finland,,Research software engineer,,Instructor,I am an organizer or instructor or observer,"Tue, Sep 20 (Day 1); Wed, Sep 21 (Day 2); Thu, Sep 22 (Day 3); Tue, Sep 27 (Day 4); Wed, Sep 28 (Day 5); Thu, Sep 29 (Day 6)"
122,Brazil,Biological Sciences,Researcher,Friend / Colleague,Learner,Watching stream and participate in online exercise group (Code Refinery Zoom),"Tue, Sep 20 (Day 1); Wed, Sep 21 (Day 2); Thu, Sep 22 (Day 3); Tue, Sep 27 (Day 4); Wed, Sep 28 (Day 5); Thu, Sep 29 (Day 6)"
28,Sweden,Other Medical and Health Sciences,Researcher,CodeRefinery.org; Educational institute; Friend / Colleague,Learner,I would like to get more information and decide later,"Tue, Sep 20 (Day 1); Wed, Sep 21 (Day 2); Thu, Sep 22 (Day 3); Wed, Sep 28 (Day 5); Thu, Sep 29 (Day 6)"
186,Sweden,Earth and Related Environmental Sciences,,Friend / Colleague,Learner,Watching stream and participate in online exercise group (Code Refinery Zoom),"Tue, Sep 20 (Day 1); Thu, Sep 22 (Day 3); Wed, Sep 28 (Day 5); Thu, Sep 29 (Day 6)"
198,Norway,"Electrical Engineering, Electronic Engineering, Information Engineering",Researcher,Friend / Colleague,Learner,Watching stream and participate in online exercise group (Code Refinery Zoom),"Tue, Sep 20 (Day 1); Wed, Sep 21 (Day 2); Thu, Sep 22 (Day 3); Tue, Sep 27 (Day 4); Wed, Sep 28 (Day 5); Thu, Sep 29 (Day 6)"
82,Iran,Chemical Sciences,Professor,Another event,Learner,I would like to get more information and decide later,"Tue, Sep 20 (Day 1); Wed, Sep 21 (Day 2); Thu, Sep 22 (Day 3); Tue, Sep 27 (Day 4); Wed, Sep 28 (Day 5); Thu, Sep 29 (Day 6)"
165,Trinidad & Tobago,Chemical Sciences,Professor,,Learner,Only watching the stream,"Tue, Sep 20 (Day 1); Wed, Sep 21 (Day 2); Thu, Sep 22 (Day 3)"
204,Spain,Psychology,Professor,Twitter,Learner,Only watching the stream,"Tue, Sep 20 (Day 1); Wed, Sep 21 (Day 2); Thu, Sep 22 (Day 3); Tue, Sep 27 (Day 4); Wed, Sep 28 (Day 5); Thu, Sep 29 (Day 6); Not sure I can attend, but please keep me informed"
91,Norway,Other Social Sciences,Other,Another event,Learner,Only watching the stream,"Tue, Sep 20 (Day 1); Wed, Sep 21 (Day 2); Thu, Sep 22 (Day 3); Tue, Sep 27 (Day 4); Wed, Sep 28 (Day 5); Thu, Sep 29 (Day 6)"
85,Norway,Computer and Information Sciences,Research software engineer,National HPC center,Learner,I would like to watch and exercise with others in-person,"Tue, Sep 20 (Day 1); Wed, Sep 21 (Day 2); Thu, Sep 22 (Day 3); Tue, Sep 27 (Day 4); Wed, Sep 28 (Day 5); Thu, Sep 29 (Day 6)"
104,Italy,Physical Sciences,Professor,CodeRefinery.org; National HPC center,Learner,Only watching the stream,"Tue, Sep 20 (Day 1); Wed, Sep 21 (Day 2); Thu, Sep 22 (Day 3); Tue, Sep 27 (Day 4); Wed, Sep 28 (Day 5); Thu, Sep 29 (Day 6)"
49,Spain,Chemical Sciences,Graduate student,Friend / Colleague,Learner,Watching stream and participate in online exercise group (Code Refinery Zoom),"Tue, Sep 20 (Day 1); Wed, Sep 21 (Day 2); Thu, Sep 22 (Day 3); Tue, Sep 27 (Day 4); Wed, Sep 28 (Day 5); Thu, Sep 29 (Day 6)"
53,Sweden,Mechanical Engineering,Other,CodeRefinery.org,Learner,I would like to get more information and decide later,"Tue, Sep 20 (Day 1); Wed, Sep 21 (Day 2); Thu, Sep 22 (Day 3); Tue, Sep 27 (Day 4); Wed, Sep 28 (Day 5); Thu, Sep 29 (Day 6)"
242,India,Physical Sciences,Professor,CodeRefinery.org,Learner,I would like to get more information and decide later,"Wed, Sep 21 (Day 2); Thu, Sep 22 (Day 3); Tue, Sep 27 (Day 4); Wed, Sep 28 (Day 5); Thu, Sep 29 (Day 6)"
66,Italy,Mechanical Engineering,Graduate student,Friend / Colleague,Learner,Watching stream and participate in online exercise group (Code Refinery Zoom),"Tue, Sep 20 (Day 1); Wed, Sep 21 (Day 2); Thu, Sep 22 (Day 3); Tue, Sep 27 (Day 4); Wed, Sep 28 (Day 5); Thu, Sep 29 (Day 6)"
36,Norway,Mechanical Engineering,Postdoc,Friend / Colleague,Learner,Only watching the stream,"Tue, Sep 20 (Day 1); Wed, Sep 21 (Day 2); Thu, Sep 22 (Day 3); Tue, Sep 27 (Day 4); Wed, Sep 28 (Day 5); Thu, Sep 29 (Day 6)"
181,Ireland,Chemical Sciences,Graduate student,Friend / Colleague,Learner,Only watching the stream,"Tue, Sep 20 (Day 1); Wed, Sep 21 (Day 2); Thu, Sep 22 (Day 3); Tue, Sep 27 (Day 4); Wed, Sep 28 (Day 5); Thu, Sep 29 (Day 6)"
193,Sweden,Biological Sciences,Postdoc,National HPC center,Learner,Watching stream and participate in online exercise group (Code Refinery Zoom),"Tue, Sep 20 (Day 1); Wed, Sep 21 (Day 2); Thu, Sep 22 (Day 3); Tue, Sep 27 (Day 4); Wed, Sep 28 (Day 5); Thu, Sep 29 (Day 6)"
43,India,Chemical Sciences,Researcher,Twitter,Learner,Only watching the stream,"Tue, Sep 20 (Day 1); Wed, Sep 21 (Day 2); Thu, Sep 22 (Day 3); Tue, Sep 27 (Day 4); Wed, Sep 28 (Day 5); Thu, Sep 29 (Day 6)"
145,Sweden,"Electrical Engineering, Electronic Engineering, Information Engineering",Other,Educational institute; National HPC center,Learner,Watching stream and participate in online exercise group (Code Refinery Zoom),"Tue, Sep 20 (Day 1); Wed, Sep 21 (Day 2); Thu, Sep 22 (Day 3); Tue, Sep 27 (Day 4); Wed, Sep 28 (Day 5); Thu, Sep 29 (Day 6)"
93,Sweden,Clinical Medicine,Researcher,Educational institute,Learner,Only watching the stream,"Tue, Sep 20 (Day 1); Wed, Sep 21 (Day 2); Thu, Sep 22 (Day 3); Tue, Sep 27 (Day 4); Wed, Sep 28 (Day 5); Thu, Sep 29 (Day 6)"
112,Finland,Health Sciences,Research software engineer,CodeRefinery.org,Organizer,I am an organizer or instructor or observer,"Tue, Sep 20 (Day 1); Wed, Sep 21 (Day 2); Thu, Sep 22 (Day 3); Tue, Sep 27 (Day 4); Wed, Sep 28 (Day 5); Thu, Sep 29 (Day 6)"
184,Finland,Biological Sciences,Postdoc,Educational institute,Learner,Watching stream and participate in online exercise group (Code Refinery Zoom),"Tue, Sep 20 (Day 1); Wed, Sep 21 (Day 2); Thu, Sep 22 (Day 3); Tue, Sep 27 (Day 4); Wed, Sep 28 (Day 5); Thu, Sep 29 (Day 6)"
189,Greece,Computer and Information Sciences,Professor,National HPC center,Learner,Watching stream and participate in online exercise group (Code Refinery Zoom),"Tue, Sep 27 (Day 4); Wed, Sep 28 (Day 5); Thu, Sep 29 (Day 6)"
173,Finland,Computer and Information Sciences,Graduate student,Another event,Learner,I would like to get more information and decide later,"Tue, Sep 20 (Day 1); Wed, Sep 21 (Day 2); Thu, Sep 22 (Day 3); Tue, Sep 27 (Day 4); Wed, Sep 28 (Day 5); Thu, Sep 29 (Day 6)"
238,Norway,Earth and Related Environmental Sciences,Postdoc,National HPC center,Learner,Only watching the stream,"Wed, Sep 21 (Day 2); Thu, Sep 22 (Day 3); Tue, Sep 27 (Day 4); Wed, Sep 28 (Day 5); Thu, Sep 29 (Day 6)"
121,Indonesia,,,,Learner,Watching stream and participate in online exercise group (Code Refinery Zoom),"Tue, Sep 20 (Day 1); Wed, Sep 21 (Day 2); Thu, Sep 22 (Day 3); Tue, Sep 27 (Day 4); Wed, Sep 28 (Day 5); Thu, Sep 29 (Day 6)"
171,Finland,"Electrical Engineering, Electronic Engineering, Information Engineering",Postdoc,Friend / Colleague,Learner,Watching stream and participate in online exercise group (Code Refinery Zoom),"Tue, Sep 20 (Day 1); Wed, Sep 21 (Day 2); Thu, Sep 22 (Day 3); Tue, Sep 27 (Day 4); Wed, Sep 28 (Day 5); Thu, Sep 29 (Day 6)"
120,Finland,Computer and Information Sciences,Graduate student,Educational institute,Learner,I would like to get more information and decide later,"Tue, Sep 27 (Day 4); Wed, Sep 28 (Day 5); Thu, Sep 29 (Day 6)"
116,Sweden,Physical Sciences,Research software engineer,Friend / Colleague,Instructor,I am an organizer or instructor or observer,"Tue, Sep 20 (Day 1); Wed, Sep 21 (Day 2); Thu, Sep 22 (Day 3); Tue, Sep 27 (Day 4); Wed, Sep 28 (Day 5); Thu, Sep 29 (Day 6)"
102,Norway,Mathematics,Graduate student,Educational institute,Learner,Only watching the stream,"Not sure I can attend, but please keep me informed"
230,Norway,Computer and Information Sciences,Researcher,Friend / Colleague,Learner,Only watching the stream,"Not sure I can attend, but please keep me informed"
38,Sweden,Biological Sciences,Graduate student,Twitter,Learner,Only watching the stream,"Tue, Sep 20 (Day 1); Wed, Sep 21 (Day 2); Thu, Sep 22 (Day 3); Tue, Sep 27 (Day 4)"
123,Finland,Biological Sciences,Researcher,National HPC center,Learner,I would like to get more information and decide later,"Not sure I can attend, but please keep me informed"
233,Sweden,Physical Sciences,Graduate student,Friend / Colleague,Learner,Watching stream and participate in online exercise group (Code Refinery Zoom),"Tue, Sep 20 (Day 1); Wed, Sep 21 (Day 2); Thu, Sep 22 (Day 3); Tue, Sep 27 (Day 4); Wed, Sep 28 (Day 5)"
203,Italy,Other Medical and Health Sciences,Other,Twitter,Learner,Only watching the stream,"Wed, Sep 21 (Day 2); Thu, Sep 22 (Day 3); Tue, Sep 27 (Day 4); Thu, Sep 29 (Day 6)"
56,Finland,,,CodeRefinery.org,Learner,Only watching the stream,"Tue, Sep 20 (Day 1); Wed, Sep 21 (Day 2); Thu, Sep 22 (Day 3); Tue, Sep 27 (Day 4); Wed, Sep 28 (Day 5); Thu, Sep 29 (Day 6)"
221,Canada,Physical Sciences,Graduate student,Another event,Learner,Only watching the stream,"Tue, Sep 20 (Day 1); Wed, Sep 21 (Day 2); Thu, Sep 22 (Day 3); Tue, Sep 27 (Day 4); Wed, Sep 28 (Day 5)"
245,Sweden,Earth and Related Environmental Sciences,Researcher,National HPC center; Friend / Colleague,Learner,I would like to get more information and decide later,"Wed, Sep 21 (Day 2); Thu, Sep 22 (Day 3); Tue, Sep 27 (Day 4); Wed, Sep 28 (Day 5); Thu, Sep 29 (Day 6)"
44,Ireland,Chemical Sciences,Graduate student,Twitter,Learner,Watching stream and participate in online exercise group (Code Refinery Zoom),"Tue, Sep 20 (Day 1); Wed, Sep 21 (Day 2); Thu, Sep 22 (Day 3); Tue, Sep 27 (Day 4); Wed, Sep 28 (Day 5); Thu, Sep 29 (Day 6)"
114,Sweden,Physical Sciences,Research software engineer,Friend / Colleague,Expert helper,Watching stream and participate in online exercise group (Code Refinery Zoom),"Tue, Sep 20 (Day 1); Wed, Sep 21 (Day 2); Thu, Sep 22 (Day 3)"
117,Finland,Chemical Sciences,Industry,Twitter; CodeRefinery.org; National HPC center; Friend / Colleague; Another event,Organizer,I am an organizer or instructor or observer,"Tue, Sep 20 (Day 1); Wed, Sep 21 (Day 2); Thu, Sep 22 (Day 3); Tue, Sep 27 (Day 4); Wed, Sep 28 (Day 5); Thu, Sep 29 (Day 6)"
70,Spain,Computer and Information Sciences,Research software engineer,Educational institute; Another event,Learner,Only watching the stream,"Tue, Sep 20 (Day 1); Wed, Sep 21 (Day 2); Thu, Sep 22 (Day 3); Tue, Sep 27 (Day 4); Wed, Sep 28 (Day 5); Thu, Sep 29 (Day 6)"
46,Finland,Biological Sciences,Graduate student,National HPC center,Learner,Only watching the stream,"Tue, Sep 20 (Day 1); Wed, Sep 21 (Day 2); Thu, Sep 22 (Day 3); Tue, Sep 27 (Day 4); Wed, Sep 28 (Day 5); Thu, Sep 29 (Day 6)"
219,Sweden,Biological Sciences,Graduate student,National HPC center,Learner,Watching stream and participate in online exercise group (Code Refinery Zoom),"Tue, Sep 20 (Day 1); Wed, Sep 21 (Day 2); Tue, Sep 27 (Day 4); Wed, Sep 28 (Day 5); Thu, Sep 29 (Day 6)"
20,Sweden,Health Sciences,Graduate student,CodeRefinery.org,Learner,Only watching the stream,"Tue, Sep 20 (Day 1); Wed, Sep 21 (Day 2); Thu, Sep 22 (Day 3); Tue, Sep 27 (Day 4); Wed, Sep 28 (Day 5); Thu, Sep 29 (Day 6)"
160,Finland,"Electrical Engineering, Electronic Engineering, Information Engineering",Graduate student,Educational institute,Learner,I would like to watch and exercise with others in-person,"Tue, Sep 20 (Day 1); Wed, Sep 21 (Day 2); Thu, Sep 22 (Day 3); Tue, Sep 27 (Day 4); Wed, Sep 28 (Day 5); Thu, Sep 29 (Day 6)"
228,Finland,Earth and Related Environmental Sciences,Researcher,Friend / Colleague,Learner,I would like to get more information and decide later,"Tue, Sep 20 (Day 1); Wed, Sep 21 (Day 2); Not sure I can attend, but please keep me informed"
152,Finland,Other Natural Sciences,Graduate student,Friend / Colleague; Another event,Learner,Only watching the stream,"Tue, Sep 20 (Day 1); Wed, Sep 21 (Day 2); Thu, Sep 22 (Day 3); Tue, Sep 27 (Day 4); Thu, Sep 29 (Day 6)"
169,Finland,,,,Learner,I would like to get more information and decide later,"Tue, Sep 20 (Day 1); Wed, Sep 21 (Day 2); Thu, Sep 22 (Day 3); Tue, Sep 27 (Day 4); Wed, Sep 28 (Day 5); Thu, Sep 29 (Day 6)"
81,Finland,Computer and Information Sciences,Graduate student,Friend / Colleague,Learner,Watching stream and participate in online exercise group (Code Refinery Zoom),"Tue, Sep 20 (Day 1); Wed, Sep 21 (Day 2); Thu, Sep 22 (Day 3); Tue, Sep 27 (Day 4); Wed, Sep 28 (Day 5); Thu, Sep 29 (Day 6); Not sure I can attend, but please keep me informed"
24,Norway,,,,Exercise leader,I am an organizer or instructor or observer,"Tue, Sep 27 (Day 4); Wed, Sep 28 (Day 5); Thu, Sep 29 (Day 6)"
71,Sweden,Biological Sciences,Research software engineer,National HPC center,Learner,Only watching the stream,"Tue, Sep 20 (Day 1); Wed, Sep 21 (Day 2); Thu, Sep 22 (Day 3); Tue, Sep 27 (Day 4); Wed, Sep 28 (Day 5); Thu, Sep 29 (Day 6)"
231,Finland,Mechanical Engineering,Postdoc,Educational institute,Learner,Only watching the stream,"Tue, Sep 20 (Day 1); Wed, Sep 21 (Day 2); Thu, Sep 22 (Day 3); Tue, Sep 27 (Day 4); Wed, Sep 28 (Day 5); Thu, Sep 29 (Day 6)"
237,Finland,Physical Sciences,Professor,Educational institute,Learner,Only watching the stream,"Tue, Sep 20 (Day 1); Thu, Sep 22 (Day 3); Tue, Sep 27 (Day 4); Thu, Sep 29 (Day 6); Not sure I can attend, but please keep me informed"
205,United States,Biological Sciences,Researcher,Twitter,Learner,Only watching the stream,"Not sure I can attend, but please keep me informed"
251,Sweden,Computer and Information Sciences,Researcher,National HPC center,Learner,I would like to get more information and decide later,"Not sure I can attend, but please keep me informed"
86,Norway,Mechanical Engineering,Postdoc,Educational institute,Learner,Only watching the stream,"Tue, Sep 20 (Day 1); Wed, Sep 21 (Day 2); Thu, Sep 22 (Day 3); Tue, Sep 27 (Day 4); Wed, Sep 28 (Day 5); Thu, Sep 29 (Day 6)"
187,Norway,Mathematics,Postdoc,CodeRefinery.org,Learner,Watching stream and participate in online exercise group (Code Refinery Zoom),"Tue, Sep 20 (Day 1); Wed, Sep 21 (Day 2); Thu, Sep 22 (Day 3); Tue, Sep 27 (Day 4); Wed, Sep 28 (Day 5); Thu, Sep 29 (Day 6)"
183,Finland,Environmental Biotechnology,Industry,Twitter; Another event,Learner,Only watching the stream,"Tue, Sep 20 (Day 1); Wed, Sep 21 (Day 2); Thu, Sep 22 (Day 3); Tue, Sep 27 (Day 4); Wed, Sep 28 (Day 5); Thu, Sep 29 (Day 6)"
129,Spain,Biological Sciences,Graduate student,Friend / Colleague,Learner,I would like to get more information and decide later,"Tue, Sep 20 (Day 1); Wed, Sep 21 (Day 2); Thu, Sep 22 (Day 3); Tue, Sep 27 (Day 4); Wed, Sep 28 (Day 5); Thu, Sep 29 (Day 6)"
226,Denmark,Health Sciences,Postdoc,Friend / Colleague,Learner,Only watching the stream,"Tue, Sep 20 (Day 1); Wed, Sep 21 (Day 2); Thu, Sep 22 (Day 3)"
212,Norway,Chemical Sciences,Graduate student,Friend / Colleague,Learner,Only watching the stream,"Tue, Sep 20 (Day 1); Wed, Sep 21 (Day 2); Thu, Sep 22 (Day 3); Tue, Sep 27 (Day 4); Wed, Sep 28 (Day 5); Thu, Sep 29 (Day 6)"
143,Sweden,Basic Medicine,Researcher,Friend / Colleague,Learner,I would like to get more information and decide later,"Tue, Sep 20 (Day 1); Wed, Sep 21 (Day 2); Thu, Sep 22 (Day 3); Tue, Sep 27 (Day 4); Wed, Sep 28 (Day 5); Thu, Sep 29 (Day 6)"
176,Finland,"Electrical Engineering, Electronic Engineering, Information Engineering",Graduate student,Educational institute,Learner,Only watching the stream,"Tue, Sep 20 (Day 1); Wed, Sep 21 (Day 2)"
99,Norway,Civil Engineering,Graduate student,,Learner,Only watching the stream,"Not sure I can attend, but please keep me informed"
51,Sweden,Computer and Information Sciences,Graduate student,National HPC center,Learner,Only watching the stream,"Tue, Sep 20 (Day 1); Wed, Sep 21 (Day 2); Thu, Sep 22 (Day 3); Tue, Sep 27 (Day 4); Wed, Sep 28 (Day 5); Thu, Sep 29 (Day 6); Not sure I can attend, but please keep me informed"
157,Sweden,Earth and Related Environmental Sciences,Research software engineer,Friend / Colleague,Learner,Only watching the stream,"Tue, Sep 20 (Day 1); Wed, Sep 21 (Day 2); Thu, Sep 22 (Day 3); Tue, Sep 27 (Day 4); Wed, Sep 28 (Day 5); Thu, Sep 29 (Day 6)"
131,Spain,Biological Sciences,Researcher,Friend / Colleague,Learner,Watching stream and participate in online exercise group (Code Refinery Zoom),"Tue, Sep 20 (Day 1); Wed, Sep 21 (Day 2); Thu, Sep 22 (Day 3); Tue, Sep 27 (Day 4); Wed, Sep 28 (Day 5); Thu, Sep 29 (Day 6)"
218,Sweden,,,,Learner,I would like to watch and exercise with others in-person,"Wed, Sep 21 (Day 2); Thu, Sep 22 (Day 3); Tue, Sep 27 (Day 4); Thu, Sep 29 (Day 6); Not sure I can attend, but please keep me informed"
179,Sweden,Chemical Sciences,Graduate student,National HPC center,Learner,Only watching the stream,"Tue, Sep 20 (Day 1); Wed, Sep 21 (Day 2); Thu, Sep 22 (Day 3); Tue, Sep 27 (Day 4); Wed, Sep 28 (Day 5); Thu, Sep 29 (Day 6)"
182,Finland,Physical Sciences,Researcher,Friend / Colleague,Learner,Only watching the stream,"Tue, Sep 20 (Day 1); Wed, Sep 21 (Day 2); Thu, Sep 22 (Day 3); Tue, Sep 27 (Day 4); Wed, Sep 28 (Day 5); Thu, Sep 29 (Day 6)"
170,Sweden,Earth and Related Environmental Sciences,Researcher,Friend / Colleague,Learner,Watching stream and participate in online exercise group (Code Refinery Zoom),"Tue, Sep 20 (Day 1); Wed, Sep 21 (Day 2); Thu, Sep 22 (Day 3); Tue, Sep 27 (Day 4); Wed, Sep 28 (Day 5); Thu, Sep 29 (Day 6); Not sure I can attend, but please keep me informed"
190,Sweden,Biological Sciences,Graduate student,Another event,Learner,I would like to get more information and decide later,"Tue, Sep 20 (Day 1); Wed, Sep 21 (Day 2); Thu, Sep 22 (Day 3); Tue, Sep 27 (Day 4); Wed, Sep 28 (Day 5); Thu, Sep 29 (Day 6)"
240,Switzerland,,,,Learner,Only watching the stream,"Not sure I can attend, but please keep me informed"
48,United States,Computer and Information Sciences,Research software engineer,Twitter; CodeRefinery.org; Friend / Colleague,Learner,Watching stream and participate in online exercise group (Code Refinery Zoom),"Thu, Sep 22 (Day 3); Tue, Sep 27 (Day 4); Wed, Sep 28 (Day 5); Thu, Sep 29 (Day 6)"
32,Finland,,,,Learner,Only watching the stream,"Not sure I can attend, but please keep me informed"
74,Netherlands,Civil Engineering,Graduate student,Educational institute,Learner,Watching stream and participate in online exercise group (Code Refinery Zoom),"Tue, Sep 20 (Day 1); Wed, Sep 21 (Day 2); Thu, Sep 22 (Day 3); Tue, Sep 27 (Day 4); Wed, Sep 28 (Day 5); Thu, Sep 29 (Day 6)"
229,Denmark,Chemical Sciences,Graduate student,CodeRefinery.org,Learner,Watching stream and participate in online exercise group (Code Refinery Zoom),"Tue, Sep 20 (Day 1); Wed, Sep 21 (Day 2); Thu, Sep 22 (Day 3); Tue, Sep 27 (Day 4); Thu, Sep 29 (Day 6)"
163,Finland,Mechanical Engineering,Graduate student,Educational institute,Learner,I would like to watch and exercise with others in-person,"Tue, Sep 20 (Day 1); Wed, Sep 21 (Day 2); Thu, Sep 22 (Day 3); Tue, Sep 27 (Day 4); Wed, Sep 28 (Day 5)"
90,Norway,Civil Engineering,Graduate student,Friend / Colleague,Learner,Watching stream and participate in online exercise group (Code Refinery Zoom),"Tue, Sep 20 (Day 1); Wed, Sep 21 (Day 2); Thu, Sep 22 (Day 3); Tue, Sep 27 (Day 4); Wed, Sep 28 (Day 5); Thu, Sep 29 (Day 6)"
23,Norway,Civil Engineering,Professor,Friend / Colleague,Learner,I would like to get more information and decide later,"Tue, Sep 20 (Day 1); Tue, Sep 27 (Day 4); Wed, Sep 28 (Day 5); Thu, Sep 29 (Day 6)"
213,France,Chemical Sciences,Graduate student,Friend / Colleague,Learner,Only watching the stream,"Tue, Sep 20 (Day 1); Wed, Sep 21 (Day 2); Thu, Sep 22 (Day 3); Tue, Sep 27 (Day 4); Wed, Sep 28 (Day 5); Thu, Sep 29 (Day 6)"
142,Sweden,Biological Sciences,Postdoc,Friend / Colleague,Learner,I would like to get more information and decide later,"Tue, Sep 20 (Day 1); Wed, Sep 21 (Day 2); Thu, Sep 22 (Day 3); Tue, Sep 27 (Day 4); Wed, Sep 28 (Day 5); Thu, Sep 29 (Day 6)"
108,Norway,Environmental Engineering,Researcher,Educational institute,Learner,Only watching the stream,"Tue, Sep 20 (Day 1); Wed, Sep 21 (Day 2); Thu, Sep 22 (Day 3); Tue, Sep 27 (Day 4); Wed, Sep 28 (Day 5); Thu, Sep 29 (Day 6)"
243,Finland,Computer and Information Sciences,Researcher,Friend / Colleague,Learner,I would like to watch and exercise with others in-person,"Tue, Sep 27 (Day 4); Wed, Sep 28 (Day 5); Thu, Sep 29 (Day 6)"
177,Finland,Materials Engineering,Researcher,Friend / Colleague,Learner,I would like to watch and exercise with others in-person,"Not sure I can attend, but please keep me informed"
31,Switzerland,Earth and Related Environmental Sciences,Graduate student,Friend / Colleague,Learner,Watching stream and participate in online exercise group (Code Refinery Zoom),"Tue, Sep 20 (Day 1); Wed, Sep 21 (Day 2); Thu, Sep 22 (Day 3); Tue, Sep 27 (Day 4); Wed, Sep 28 (Day 5); Thu, Sep 29 (Day 6)"
63,Finland,Physical Sciences,Graduate student,Friend / Colleague,Learner,I would like to get more information and decide later,"Tue, Sep 20 (Day 1); Wed, Sep 21 (Day 2); Thu, Sep 22 (Day 3); Tue, Sep 27 (Day 4); Wed, Sep 28 (Day 5); Thu, Sep 29 (Day 6)"
158,Sweden,Computer and Information Sciences,Industry,Friend / Colleague,Learner,Only watching the stream,"Tue, Sep 20 (Day 1); Wed, Sep 21 (Day 2); Thu, Sep 22 (Day 3); Tue, Sep 27 (Day 4); Wed, Sep 28 (Day 5); Thu, Sep 29 (Day 6)"
30,Sweden,Biological Sciences,Postdoc,CodeRefinery.org,Learner,I would like to get more information and decide later,"Tue, Sep 20 (Day 1); Wed, Sep 21 (Day 2); Thu, Sep 22 (Day 3); Tue, Sep 27 (Day 4); Wed, Sep 28 (Day 5); Thu, Sep 29 (Day 6)"
241,Finland,"Electrical Engineering, Electronic Engineering, Information Engineering",Graduate student,Friend / Colleague,Learner,Only watching the stream,"Not sure I can attend, but please keep me informed"
166,Finland,Biological Sciences,Other,Educational institute,Learner,Watching stream and participate in online exercise group (Code Refinery Zoom),"Tue, Sep 20 (Day 1); Wed, Sep 21 (Day 2); Thu, Sep 22 (Day 3); Tue, Sep 27 (Day 4)"
239,Sweden,Biological Sciences,Graduate student,Friend / Colleague,Learner,I would like to watch and exercise with others in-person,"Tue, Sep 20 (Day 1); Wed, Sep 21 (Day 2); Thu, Sep 22 (Day 3); Tue, Sep 27 (Day 4); Wed, Sep 28 (Day 5); Thu, Sep 29 (Day 6)"
197,Norway,Physical Sciences,Researcher,Friend / Colleague,Learner,Watching stream and participate in online exercise group (Code Refinery Zoom),"Tue, Sep 27 (Day 4); Wed, Sep 28 (Day 5); Thu, Sep 29 (Day 6)"
248,Spain,Physical Sciences,Graduate student,CodeRefinery.org,Learner,Watching stream and participate in online exercise group (Code Refinery Zoom),"Tue, Sep 27 (Day 4); Wed, Sep 28 (Day 5); Thu, Sep 29 (Day 6)"
195,Norway,Physical Sciences,Researcher,Educational institute,Learner,I would like to get more information and decide later,"Tue, Sep 20 (Day 1); Wed, Sep 21 (Day 2); Thu, Sep 22 (Day 3); Tue, Sep 27 (Day 4); Wed, Sep 28 (Day 5); Thu, Sep 29 (Day 6)"
98,Norway,Computer and Information Sciences,Professor,Another event,Learner,Only watching the stream,"Tue, Sep 20 (Day 1); Wed, Sep 21 (Day 2); Thu, Sep 22 (Day 3)"
21,Spain,Chemical Sciences,Graduate student,Friend / Colleague,Learner,Only watching the stream,"Tue, Sep 20 (Day 1); Wed, Sep 21 (Day 2); Thu, Sep 22 (Day 3); Tue, Sep 27 (Day 4); Wed, Sep 28 (Day 5); Thu, Sep 29 (Day 6)"
103,United Kingdom,"Electrical Engineering, Electronic Engineering, Information Engineering",Researcher,National HPC center,Learner,Watching stream and participate in online exercise group (Code Refinery Zoom),"Tue, Sep 20 (Day 1); Wed, Sep 21 (Day 2); Thu, Sep 22 (Day 3); Tue, Sep 27 (Day 4); Wed, Sep 28 (Day 5); Thu, Sep 29 (Day 6)"
73,Germany,Biological Sciences,Postdoc,CodeRefinery.org,Learner,Only watching the stream,"Tue, Sep 20 (Day 1); Wed, Sep 21 (Day 2); Thu, Sep 22 (Day 3); Tue, Sep 27 (Day 4); Wed, Sep 28 (Day 5); Thu, Sep 29 (Day 6)"
115,Finland,Computer and Information Sciences,Research software engineer,Another event,Instructor,I am an organizer or instructor or observer,"Tue, Sep 20 (Day 1); Wed, Sep 21 (Day 2); Thu, Sep 22 (Day 3); Tue, Sep 27 (Day 4); Wed, Sep 28 (Day 5); Thu, Sep 29 (Day 6)"
222,Finland,Physical Sciences,Graduate student,Educational institute,Learner,I would like to get more information and decide later,"Tue, Sep 20 (Day 1); Wed, Sep 21 (Day 2); Thu, Sep 22 (Day 3); Wed, Sep 28 (Day 5); Thu, Sep 29 (Day 6); Not sure I can attend, but please keep me informed"
128,Sweden,Political Science,Research software engineer,National HPC center,Learner,Only watching the stream,"Tue, Sep 20 (Day 1); Wed, Sep 21 (Day 2); Thu, Sep 22 (Day 3); Tue, Sep 27 (Day 4); Thu, Sep 29 (Day 6)"
202,Thailand,Mathematics,Researcher,Twitter,Learner,Only watching the stream,"Not sure I can attend, but please keep me informed"
139,Finland,Computer and Information Sciences,Other,Friend / Colleague,Learner,Only watching the stream,"Tue, Sep 20 (Day 1); Wed, Sep 21 (Day 2); Thu, Sep 22 (Day 3); Tue, Sep 27 (Day 4); Wed, Sep 28 (Day 5); Thu, Sep 29 (Day 6)"
191,Finland,Medical Engineering,Industry,CodeRefinery.org; Educational institute,Learner,Watching stream and participate in online exercise group (Code Refinery Zoom),"Tue, Sep 20 (Day 1); Wed, Sep 21 (Day 2); Tue, Sep 27 (Day 4); Wed, Sep 28 (Day 5); Thu, Sep 29 (Day 6)"
27,Norway,Earth and Related Environmental Sciences,Research software engineer,CodeRefinery.org,Expert helper,Watching stream and participate in online exercise group (Code Refinery Zoom),"Thu, Sep 22 (Day 3); Tue, Sep 27 (Day 4); Wed, Sep 28 (Day 5); Thu, Sep 29 (Day 6)"
88,Norway,Other Engineering and Technologies,Graduate student,Friend / Colleague,Learner,Only watching the stream,"Tue, Sep 20 (Day 1); Wed, Sep 21 (Day 2); Thu, Sep 22 (Day 3); Tue, Sep 27 (Day 4); Wed, Sep 28 (Day 5); Thu, Sep 29 (Day 6)"
113,Finland,Other,Research software engineer,,Instructor,I am an organizer or instructor or observer,"Tue, Sep 20 (Day 1); Wed, Sep 21 (Day 2); Thu, Sep 22 (Day 3); Tue, Sep 27 (Day 4); Wed, Sep 28 (Day 5); Thu, Sep 29 (Day 6)"
247,Finland,"Electrical Engineering, Electronic Engineering, Information Engineering",Researcher,Another event,Learner,Only watching the stream,"Tue, Sep 20 (Day 1); Wed, Sep 21 (Day 2); Thu, Sep 22 (Day 3); Tue, Sep 27 (Day 4); Wed, Sep 28 (Day 5); Thu, Sep 29 (Day 6)"
97,Norway,"Electrical Engineering, Electronic Engineering, Information Engineering",Postdoc,Educational institute,Learner,I would like to get more information and decide later,"Tue, Sep 20 (Day 1); Wed, Sep 21 (Day 2); Thu, Sep 22 (Day 3); Tue, Sep 27 (Day 4); Wed, Sep 28 (Day 5); Thu, Sep 29 (Day 6)"
223,Norway,Earth and Related Environmental Sciences,Postdoc,Friend / Colleague,Learner,Only watching the stream,"Tue, Sep 20 (Day 1); Wed, Sep 21 (Day 2); Thu, Sep 22 (Day 3); Tue, Sep 27 (Day 4); Wed, Sep 28 (Day 5); Thu, Sep 29 (Day 6)"
172,Finland,,,Friend / Colleague,Learner,Only watching the stream,"Not sure I can attend, but please keep me informed"
26,Norway,Civil Engineering,Postdoc,Friend / Colleague,Learner,Watching stream and participate in online exercise group (Code Refinery Zoom),"Tue, Sep 20 (Day 1); Wed, Sep 21 (Day 2); Thu, Sep 22 (Day 3); Tue, Sep 27 (Day 4); Wed, Sep 28 (Day 5); Thu, Sep 29 (Day 6)"
220,Sweden,Physical Sciences,Industry,Friend / Colleague,Learner,I would like to watch and exercise with others in-person,"Wed, Sep 21 (Day 2); Wed, Sep 28 (Day 5); Thu, Sep 29 (Day 6)"
89,Sweden,Mechanical Engineering,Postdoc,Educational institute,Learner,Only watching the stream,"Tue, Sep 20 (Day 1)"
127,Finland,Computer and Information Sciences,Postdoc,Educational institute,Learner,Watching stream and participate in online exercise group (Code Refinery Zoom),"Not sure I can attend, but please keep me informed"
140,Finland,Chemical Sciences,Researcher,National HPC center,Learner,Only watching the stream,"Tue, Sep 20 (Day 1); Wed, Sep 21 (Day 2); Thu, Sep 22 (Day 3); Tue, Sep 27 (Day 4); Wed, Sep 28 (Day 5)"
69,Finland,Computer and Information Sciences,Research software engineer,Friend / Colleague,Learner,Watching stream and participate in online exercise group (Code Refinery Zoom),"Tue, Sep 20 (Day 1); Wed, Sep 21 (Day 2); Thu, Sep 22 (Day 3); Tue, Sep 27 (Day 4); Wed, Sep 28 (Day 5); Thu, Sep 29 (Day 6)"
178,Finland,Medical Engineering,Graduate student,Educational institute,Learner,I would like to watch and exercise with others in-person,"Tue, Sep 20 (Day 1); Wed, Sep 21 (Day 2); Thu, Sep 22 (Day 3); Tue, Sep 27 (Day 4); Wed, Sep 28 (Day 5); Thu, Sep 29 (Day 6)"
207,United Kingdom,Psychology,Postdoc,Twitter,Learner,Only watching the stream,"Tue, Sep 20 (Day 1); Thu, Sep 22 (Day 3); Tue, Sep 27 (Day 4); Thu, Sep 29 (Day 6)"
234,Sweden,Earth and Related Environmental Sciences,Other,Friend / Colleague,Learner,Only watching the stream,"Tue, Sep 20 (Day 1); Wed, Sep 21 (Day 2); Thu, Sep 22 (Day 3); Tue, Sep 27 (Day 4); Wed, Sep 28 (Day 5); Thu, Sep 29 (Day 6)"
192,India,Computer and Information Sciences,Graduate student,Another event,Learner,Watching stream and participate in online exercise group (Code Refinery Zoom),"Tue, Sep 20 (Day 1); Wed, Sep 21 (Day 2); Thu, Sep 22 (Day 3)"
144,Sweden,Mechanical Engineering,Graduate student,Educational institute; Friend / Colleague,Learner,Watching stream and participate in online exercise group (Code Refinery Zoom),"Tue, Sep 20 (Day 1); Wed, Sep 21 (Day 2); Thu, Sep 22 (Day 3); Tue, Sep 27 (Day 4); Wed, Sep 28 (Day 5); Thu, Sep 29 (Day 6)"
149,Sweden,Environmental Engineering,Other,Friend / Colleague,Learner,Only watching the stream,"Tue, Sep 20 (Day 1); Thu, Sep 22 (Day 3); Tue, Sep 27 (Day 4); Thu, Sep 29 (Day 6)"
210,Spain,,,Twitter,Learner,Only watching the stream,"Tue, Sep 20 (Day 1); Wed, Sep 21 (Day 2); Thu, Sep 22 (Day 3); Tue, Sep 27 (Day 4); Not sure I can attend, but please keep me informed"
156,Finland,Economics and Business,Graduate student,Another event,Learner,I would like to get more information and decide later,"Tue, Sep 20 (Day 1); Wed, Sep 21 (Day 2); Thu, Sep 22 (Day 3); Tue, Sep 27 (Day 4); Wed, Sep 28 (Day 5); Thu, Sep 29 (Day 6); Not sure I can attend, but please keep me informed"
147,Sweden,Physical Sciences,,National HPC center,Learner,Watching stream and participate in online exercise group (Code Refinery Zoom),"Tue, Sep 20 (Day 1); Wed, Sep 21 (Day 2); Thu, Sep 22 (Day 3); Tue, Sep 27 (Day 4); Wed, Sep 28 (Day 5); Thu, Sep 29 (Day 6)"
83,Sweden,Biological Sciences,Postdoc,,Learner,Only watching the stream,"Tue, Sep 20 (Day 1); Wed, Sep 21 (Day 2); Thu, Sep 22 (Day 3); Tue, Sep 27 (Day 4); Wed, Sep 28 (Day 5); Thu, Sep 29 (Day 6)"
25,Sweden,Civil Engineering,Industry,CodeRefinery.org,Learner,Watching stream and participate in online exercise group (Code Refinery Zoom),"Tue, Sep 27 (Day 4); Wed, Sep 28 (Day 5); Thu, Sep 29 (Day 6)"
214,Finland,,,,Learner,Only watching the stream,"Tue, Sep 20 (Day 1); Wed, Sep 21 (Day 2); Thu, Sep 22 (Day 3); Tue, Sep 27 (Day 4); Wed, Sep 28 (Day 5); Thu, Sep 29 (Day 6); Not sure I can attend, but please keep me informed"
22,Finland,Mechanical Engineering,Researcher,CodeRefinery.org,Learner,Watching stream and participate in online exercise group (Code Refinery Zoom),"Tue, Sep 20 (Day 1); Wed, Sep 21 (Day 2); Thu, Sep 22 (Day 3); Tue, Sep 27 (Day 4); Wed, Sep 28 (Day 5); Thu, Sep 29 (Day 6); Not sure I can attend, but please keep me informed"
47,Sweden,Biological Sciences,Postdoc,CodeRefinery.org,Learner,Watching stream and participate in online exercise group (Code Refinery Zoom),"Not sure I can attend, but please keep me informed"
194,Norway,Earth and Related Environmental Sciences,Researcher,Friend / Colleague,Learner,Watching stream and participate in online exercise group (Code Refinery Zoom),"Tue, Sep 20 (Day 1); Wed, Sep 21 (Day 2); Thu, Sep 22 (Day 3); Tue, Sep 27 (Day 4); Wed, Sep 28 (Day 5); Thu, Sep 29 (Day 6)"
124,Sweden,Physical Sciences,Graduate student,Friend / Colleague,Learner,Watching stream and participate in online exercise group (Code Refinery Zoom),"Tue, Sep 20 (Day 1); Wed, Sep 21 (Day 2); Thu, Sep 22 (Day 3); Tue, Sep 27 (Day 4); Wed, Sep 28 (Day 5); Thu, Sep 29 (Day 6)"
250,Norway,Computer and Information Sciences,Other,Friend / Colleague,Observer,Only watching the stream,"Tue, Sep 27 (Day 4); Wed, Sep 28 (Day 5); Thu, Sep 29 (Day 6)"
18,Switzerland,Mechanical Engineering,Graduate student,CodeRefinery.org,Learner,Only watching the stream,"Tue, Sep 20 (Day 1); Wed, Sep 21 (Day 2); Thu, Sep 22 (Day 3); Tue, Sep 27 (Day 4); Wed, Sep 28 (Day 5); Thu, Sep 29 (Day 6)"
161,Finland,,,Educational institute,Learner,Only watching the stream,"Tue, Sep 20 (Day 1); Wed, Sep 21 (Day 2); Thu, Sep 22 (Day 3); Tue, Sep 27 (Day 4); Wed, Sep 28 (Day 5); Thu, Sep 29 (Day 6)"
252,Sweden,Clinical Medicine,Postdoc,,Learner,Only watching the stream,"Thu, Sep 29 (Day 6)"
211,Singapore,Biological Sciences,Postdoc,Twitter,Learner,Only watching the stream,"Tue, Sep 20 (Day 1); Not sure I can attend, but please keep me informed"
94,Norway,Physical Sciences,Researcher,National HPC center,Learner,Watching stream and participate in online exercise group (Code Refinery Zoom),"Tue, Sep 20 (Day 1); Wed, Sep 21 (Day 2); Thu, Sep 22 (Day 3); Tue, Sep 27 (Day 4); Wed, Sep 28 (Day 5); Thu, Sep 29 (Day 6)"
126,Finland,"Electrical Engineering, Electronic Engineering, Information Engineering",Undergrad. student,Educational institute,Learner,Only watching the stream,"Tue, Sep 20 (Day 1); Wed, Sep 21 (Day 2); Thu, Sep 22 (Day 3); Tue, Sep 27 (Day 4); Wed, Sep 28 (Day 5); Thu, Sep 29 (Day 6)"
227,Finland,Other Engineering and Technologies,Undergrad. student,Educational institute,Learner,Watching stream and participate in online exercise group (Code Refinery Zoom),"Tue, Sep 20 (Day 1); Wed, Sep 21 (Day 2); Thu, Sep 22 (Day 3); Tue, Sep 27 (Day 4); Wed, Sep 28 (Day 5); Thu, Sep 29 (Day 6)"
154,Finland,,Graduate student,CodeRefinery.org,Learner,Watching stream and participate in online exercise group (Code Refinery Zoom),"Tue, Sep 20 (Day 1); Wed, Sep 21 (Day 2); Tue, Sep 27 (Day 4)"
206,India,Computer and Information Sciences,Research software engineer,Twitter,Learner,Watching stream and participate in online exercise group (Code Refinery Zoom),"Tue, Sep 20 (Day 1); Wed, Sep 21 (Day 2); Thu, Sep 22 (Day 3); Tue, Sep 27 (Day 4); Wed, Sep 28 (Day 5); Thu, Sep 29 (Day 6)"
125,Finland,Physical Sciences,Graduate student,Another event,Learner,Only watching the stream,"Tue, Sep 20 (Day 1); Wed, Sep 21 (Day 2); Thu, Sep 22 (Day 3); Tue, Sep 27 (Day 4); Wed, Sep 28 (Day 5); Thu, Sep 29 (Day 6)"
164,Finland,Computer and Information Sciences,Graduate student,Educational institute,Learner,Only watching the stream,"Tue, Sep 20 (Day 1); Wed, Sep 21 (Day 2); Thu, Sep 22 (Day 3); Tue, Sep 27 (Day 4); Wed, Sep 28 (Day 5); Thu, Sep 29 (Day 6)"
185,Norway,Physical Sciences,Graduate student,Friend / Colleague,Learner,Watching stream and participate in online exercise group (Code Refinery Zoom),"Tue, Sep 20 (Day 1); Wed, Sep 21 (Day 2); Thu, Sep 22 (Day 3); Tue, Sep 27 (Day 4); Wed, Sep 28 (Day 5); Thu, Sep 29 (Day 6)"
188,Netherlands,Physical Sciences,Industry,Another event,Learner,Only watching the stream,"Tue, Sep 20 (Day 1); Wed, Sep 21 (Day 2); Thu, Sep 22 (Day 3); Tue, Sep 27 (Day 4); Wed, Sep 28 (Day 5); Thu, Sep 29 (Day 6)"
246,Finland,Health Sciences,Undergrad. student,Friend / Colleague,Learner,I would like to watch and exercise with others in-person,"Not sure I can attend, but please keep me informed"
199,Sweden,,,,Learner,I would like to get more information and decide later,"Tue, Sep 20 (Day 1); Wed, Sep 21 (Day 2); Thu, Sep 22 (Day 3); Tue, Sep 27 (Day 4); Wed, Sep 28 (Day 5); Thu, Sep 29 (Day 6)"
141,Finland,Computer and Information Sciences,Graduate student,,Learner,Only watching the stream,"Tue, Sep 20 (Day 1); Wed, Sep 21 (Day 2); Thu, Sep 22 (Day 3); Tue, Sep 27 (Day 4); Wed, Sep 28 (Day 5); Thu, Sep 29 (Day 6)"
87,Norway,Earth and Related Environmental Sciences,Graduate student,Educational institute,Learner,Only watching the stream,"Tue, Sep 20 (Day 1); Wed, Sep 21 (Day 2); Thu, Sep 22 (Day 3); Tue, Sep 27 (Day 4); Wed, Sep 28 (Day 5); Thu, Sep 29 (Day 6)"
34,Sweden,Computer and Information Sciences,Researcher,Friend / Colleague,Instructor,I am an organizer or instructor or observer,"Tue, Sep 20 (Day 1); Wed, Sep 21 (Day 2); Thu, Sep 22 (Day 3); Tue, Sep 27 (Day 4); Wed, Sep 28 (Day 5); Thu, Sep 29 (Day 6)"
155,Sweden,Earth and Related Environmental Sciences,Researcher,Friend / Colleague,Learner,Watching stream and participate in online exercise group (Code Refinery Zoom),"Tue, Sep 20 (Day 1); Wed, Sep 21 (Day 2); Thu, Sep 22 (Day 3); Tue, Sep 27 (Day 4); Wed, Sep 28 (Day 5); Thu, Sep 29 (Day 6)"
111,Finland,Computer and Information Sciences,Researcher,Friend / Colleague,Instructor,Only watching the stream,"Tue, Sep 20 (Day 1); Wed, Sep 21 (Day 2); Thu, Sep 22 (Day 3); Tue, Sep 27 (Day 4); Wed, Sep 28 (Day 5); Thu, Sep 29 (Day 6)"
148,Finland,Economics and Business,Graduate student,,Learner,I would like to get more information and decide later,"Tue, Sep 20 (Day 1); Wed, Sep 21 (Day 2); Thu, Sep 22 (Day 3); Tue, Sep 27 (Day 4); Wed, Sep 28 (Day 5); Thu, Sep 29 (Day 6)"
209,China,Psychology,Graduate student,,Learner,Only watching the stream,"Tue, Sep 20 (Day 1); Wed, Sep 21 (Day 2); Thu, Sep 22 (Day 3); Tue, Sep 27 (Day 4); Wed, Sep 28 (Day 5); Thu, Sep 29 (Day 6); Not sure I can attend, but please keep me informed"
84,Norway,Earth and Related Environmental Sciences,Researcher,National HPC center,Learner,Only watching the stream,"Tue, Sep 20 (Day 1); Wed, Sep 21 (Day 2); Thu, Sep 22 (Day 3); Tue, Sep 27 (Day 4); Wed, Sep 28 (Day 5); Thu, Sep 29 (Day 6)"
162,Finland,"Electrical Engineering, Electronic Engineering, Information Engineering",Graduate student,,Learner,I would like to watch and exercise with others in-person,"Not sure I can attend, but please keep me informed"
235,Finland,Computer and Information Sciences,Undergrad. student,National HPC center,Learner,I would like to watch and exercise with others in-person,"Wed, Sep 21 (Day 2); Thu, Sep 22 (Day 3); Tue, Sep 27 (Day 4); Not sure I can attend, but please keep me informed"
50,Sweden,Chemical Sciences,Graduate student,Educational institute,Learner,Only watching the stream,"Tue, Sep 20 (Day 1); Wed, Sep 21 (Day 2); Thu, Sep 22 (Day 3); Tue, Sep 27 (Day 4); Wed, Sep 28 (Day 5); Thu, Sep 29 (Day 6); Not sure I can attend, but please keep me informed"
52,Sweden,Physical Sciences,Graduate student,,Learner,I would like to get more information and decide later,"Tue, Sep 20 (Day 1); Wed, Sep 21 (Day 2); Thu, Sep 22 (Day 3); Tue, Sep 27 (Day 4); Wed, Sep 28 (Day 5); Thu, Sep 29 (Day 6)"
153,Finland,,,,Learner,Only watching the stream,"Not sure I can attend, but please keep me informed"
168,Finland,"Electrical Engineering, Electronic Engineering, Information Engineering",Graduate student,Educational institute,Learner,Only watching the stream,"Not sure I can attend, but please keep me informed"
29,France,Chemical Sciences,Graduate student,Educational institute,Learner,I would like to get more information and decide later,"Tue, Sep 20 (Day 1); Wed, Sep 21 (Day 2); Thu, Sep 22 (Day 3); Tue, Sep 27 (Day 4); Wed, Sep 28 (Day 5); Thu, Sep 29 (Day 6)"
217,Sweden,Physical Sciences,Undergrad. student,Friend / Colleague,Learner,I would like to watch and exercise with others in-person,"Wed, Sep 21 (Day 2); Thu, Sep 22 (Day 3); Tue, Sep 27 (Day 4); Wed, Sep 28 (Day 5); Thu, Sep 29 (Day 6)"
