,ID,Country,Affiliation or university,Academic discipline,Career stage / position,How did you find out about this workshop?,Attendance/participation type,Stream only or also exercise group? Video or in-person?,Which days you plan to attend?,Registration date,Registration state
0,60,Norway,NTNU,Civil Engineering,Graduate student,Friend / Colleague,Learner,Watching stream and participate in online exercise group (Code Refinery Zoom),"Tue, Sep 20 (Day 1); Wed, Sep 21 (Day 2); Thu, Sep 22 (Day 3); Tue, Sep 27 (Day 4); Wed, Sep 28 (Day 5); Thu, Sep 29 (Day 6)",2022-08-10 15:38:09.030857+00:00,Completed
1,65,Norway,University of Oslo,Basic Medicine,Postdoc,CodeRefinery.org,Learner,Watching stream and participate in online exercise group (Code Refinery Zoom),"Tue, Sep 20 (Day 1); Wed, Sep 21 (Day 2); Thu, Sep 22 (Day 3); Tue, Sep 27 (Day 4); Wed, Sep 28 (Day 5); Thu, Sep 29 (Day 6)",2022-08-15 10:08:06.553226+00:00,Completed
2,92,Norway,NTNU,Other Engineering and Technologies,Graduate student,Friend / Colleague,Learner,Watching stream and participate in online exercise group (Code Refinery Zoom),"Tue, Sep 20 (Day 1); Wed, Sep 21 (Day 2); Thu, Sep 22 (Day 3); Tue, Sep 27 (Day 4); Wed, Sep 28 (Day 5); Thu, Sep 29 (Day 6)",2022-08-29 09:24:53.066089+00:00,Completed
3,232,Spain,UPC-BarcelonaTech,Other Engineering and Technologies,Graduate student,Educational institute,Learner,I would like to get more information and decide later,"Tue, Sep 20 (Day 1); Wed, Sep 21 (Day 2); Thu, Sep 22 (Day 3); Tue, Sep 27 (Day 4); Wed, Sep 28 (Day 5); Thu, Sep 29 (Day 6); Not sure I can attend, but please keep me informed",2022-09-19 16:21:43.487464+00:00,Completed
4,17,Sweden,Chalmers University of Technology,Mechanical Engineering,Researcher,CodeRefinery.org; Educational institute,Learner,Watching stream and participate in online exercise group (Code Refinery Zoom),"Tue, Sep 20 (Day 1); Wed, Sep 21 (Day 2); Thu, Sep 22 (Day 3); Tue, Sep 27 (Day 4); Wed, Sep 28 (Day 5); Thu, Sep 29 (Day 6)",2022-07-04 08:57:15.110384+00:00,Completed
5,107,Norway,NTNU,Civil Engineering,Graduate student,Another event,Learner,Watching stream and participate in online exercise group (Code Refinery Zoom),"Tue, Sep 20 (Day 1); Wed, Sep 21 (Day 2); Thu, Sep 22 (Day 3); Tue, Sep 27 (Day 4); Wed, Sep 28 (Day 5); Thu, Sep 29 (Day 6)",2022-08-31 14:47:06.446176+00:00,Completed
6,146,Sweden,SMHI,Computer and Information Sciences,Industry,Friend / Colleague,Learner,Only watching the stream,"Wed, Sep 21 (Day 2); Thu, Sep 29 (Day 6)",2022-09-09 17:45:28.774267+00:00,Completed
7,244,Norway,NTNU,Mechanical Engineering,Graduate student,Friend / Colleague,Observer,Only watching the stream,"Wed, Sep 21 (Day 2); Tue, Sep 27 (Day 4); Wed, Sep 28 (Day 5); Thu, Sep 29 (Day 6); Not sure I can attend, but please keep me informed",2022-09-21 06:21:23.288064+00:00,Completed
8,224,Denmark,Aarhus University,Other Natural Sciences,Postdoc,Twitter,Learner,Only watching the stream,"Tue, Sep 20 (Day 1); Wed, Sep 21 (Day 2); Thu, Sep 22 (Day 3); Tue, Sep 27 (Day 4); Wed, Sep 28 (Day 5); Thu, Sep 29 (Day 6)",2022-09-19 08:56:54.897573+00:00,Completed
9,196,Sweden,Swedish Meteorological and Hydrological Institute,Computer and Information Sciences,Other,Friend / Colleague,Learner,Watching stream and participate in online exercise group (Code Refinery Zoom),"Tue, Sep 20 (Day 1); Wed, Sep 21 (Day 2); Thu, Sep 22 (Day 3); Tue, Sep 27 (Day 4); Wed, Sep 28 (Day 5); Thu, Sep 29 (Day 6)",2022-09-16 08:17:54.789347+00:00,Completed
10,225,Denmark,Aarhus University,Computer and Information Sciences,Researcher,Friend / Colleague,Learner,Only watching the stream,"Tue, Sep 20 (Day 1); Wed, Sep 21 (Day 2); Thu, Sep 22 (Day 3); Wed, Sep 28 (Day 5); Thu, Sep 29 (Day 6)",2022-09-19 08:59:01.659681+00:00,Completed
11,151,Finland,University of Helsinki,Biological Sciences,Graduate student,Educational institute; Friend / Colleague,Learner,Only watching the stream,"Tue, Sep 20 (Day 1); Wed, Sep 21 (Day 2); Thu, Sep 22 (Day 3); Tue, Sep 27 (Day 4); Wed, Sep 28 (Day 5); Thu, Sep 29 (Day 6)",2022-09-12 08:14:37.750717+00:00,Completed
12,249,Denmark,Aalborg University,"Electrical Engineering, Electronic Engineering, Information Engineering",Research software engineer,Friend / Colleague,Expert helper,Watching stream and participate in online exercise group (Code Refinery Zoom),"Thu, Sep 29 (Day 6)",2022-09-25 21:28:49.553534+00:00,Completed
13,37,Norway,Norwegian Meteorological Institute,Earth and Related Environmental Sciences,Graduate student,Friend / Colleague,Learner,Watching stream and participate in online exercise group (Code Refinery Zoom),"Tue, Sep 20 (Day 1); Wed, Sep 21 (Day 2); Thu, Sep 22 (Day 3); Tue, Sep 27 (Day 4); Wed, Sep 28 (Day 5); Thu, Sep 29 (Day 6); Not sure I can attend, but please keep me informed",2022-07-07 12:03:37.863937+00:00,Completed
14,105,Finland,University of Oulu,Physical Sciences,Researcher,Friend / Colleague,Learner,Only watching the stream,"Tue, Sep 20 (Day 1); Wed, Sep 21 (Day 2); Thu, Sep 22 (Day 3); Tue, Sep 27 (Day 4); Wed, Sep 28 (Day 5); Thu, Sep 29 (Day 6)",2022-08-31 08:52:31.047881+00:00,Completed
15,159,Finland,Aalto university,"Electrical Engineering, Electronic Engineering, Information Engineering",Graduate student,Another event,Learner,Watching stream and participate in online exercise group (Code Refinery Zoom),"Tue, Sep 20 (Day 1); Wed, Sep 21 (Day 2); Thu, Sep 22 (Day 3); Tue, Sep 27 (Day 4); Wed, Sep 28 (Day 5); Thu, Sep 29 (Day 6)",2022-09-12 11:33:59.529599+00:00,Completed
16,138,Spain,Universidad Autónoma de Madrid,Biological Sciences,Graduate student,Friend / Colleague,Learner,Only watching the stream,"Tue, Sep 20 (Day 1); Wed, Sep 21 (Day 2); Thu, Sep 22 (Day 3); Tue, Sep 27 (Day 4); Wed, Sep 28 (Day 5); Thu, Sep 29 (Day 6)",2022-09-07 10:06:52.581099+00:00,Completed
17,16,Norway,UiT The Arctic University of Norway,Chemical Sciences,Research software engineer,Another event,Organizer,I am an organizer or instructor or observer,"Tue, Sep 20 (Day 1); Wed, Sep 21 (Day 2); Thu, Sep 22 (Day 3); Tue, Sep 27 (Day 4); Wed, Sep 28 (Day 5); Thu, Sep 29 (Day 6)",2022-07-04 07:35:21.871298+00:00,Completed
18,33,Sweden,Lund University,Physical Sciences,Researcher,Educational institute,Learner,Only watching the stream,"Tue, Sep 20 (Day 1); Wed, Sep 21 (Day 2); Thu, Sep 22 (Day 3); Tue, Sep 27 (Day 4); Wed, Sep 28 (Day 5); Thu, Sep 29 (Day 6)",2022-07-05 13:36:55.988441+00:00,Completed
19,130,Netherlands,Erasmus University,Health Sciences,Graduate student,Twitter,Learner,Watching stream and participate in online exercise group (Code Refinery Zoom),"Tue, Sep 20 (Day 1); Wed, Sep 21 (Day 2); Thu, Sep 22 (Day 3); Tue, Sep 27 (Day 4); Wed, Sep 28 (Day 5); Thu, Sep 29 (Day 6)",2022-09-06 09:23:06.345115+00:00,Completed
20,215,Spain,Universidad Autónoma de Madrid,Health Sciences,Researcher,Friend / Colleague,Learner,I would like to get more information and decide later,"Not sure I can attend, but please keep me informed",2022-09-18 20:06:39.054733+00:00,Completed
21,100,Finland,Aalto University,Mechanical Engineering,Postdoc,Educational institute,Learner,Watching stream and participate in online exercise group (Code Refinery Zoom),"Tue, Sep 20 (Day 1); Wed, Sep 21 (Day 2); Thu, Sep 22 (Day 3); Tue, Sep 27 (Day 4); Wed, Sep 28 (Day 5); Thu, Sep 29 (Day 6)",2022-08-30 12:43:39.778056+00:00,Completed
22,57,Sweden,Uppsala university,Physical Sciences,,CodeRefinery.org,Learner,Only watching the stream,"Tue, Sep 20 (Day 1); Wed, Sep 21 (Day 2); Thu, Sep 22 (Day 3); Tue, Sep 27 (Day 4); Wed, Sep 28 (Day 5); Thu, Sep 29 (Day 6)",2022-08-10 01:44:25.043935+00:00,Completed
23,236,Netherlands,Vrije Universiteit Amsterdam,,Graduate student,Educational institute,Learner,Watching stream and participate in online exercise group (Code Refinery Zoom),"Tue, Sep 20 (Day 1); Wed, Sep 21 (Day 2); Thu, Sep 22 (Day 3); Tue, Sep 27 (Day 4); Wed, Sep 28 (Day 5); Thu, Sep 29 (Day 6)",2022-09-20 07:05:57.940079+00:00,Completed
24,64,Norway,University of Oslo,Psychology,Researcher,Friend / Colleague,Observer,Watching stream and participate in online exercise group (Code Refinery Zoom),"Wed, Sep 21 (Day 2); Thu, Sep 22 (Day 3); Wed, Sep 28 (Day 5); Thu, Sep 29 (Day 6)",2022-08-15 09:21:59.723386+00:00,Completed
25,216,Finland,Aalto university,Computer and Information Sciences,Graduate student,Twitter,Learner,Only watching the stream,"Tue, Sep 20 (Day 1); Wed, Sep 21 (Day 2); Wed, Sep 28 (Day 5); Thu, Sep 29 (Day 6)",2022-09-19 06:46:57.163921+00:00,Completed
26,180,Ireland,Trinity College Dublin,Chemical Sciences,Graduate student,Friend / Colleague,Learner,Only watching the stream,"Tue, Sep 20 (Day 1); Wed, Sep 21 (Day 2); Thu, Sep 22 (Day 3); Tue, Sep 27 (Day 4); Wed, Sep 28 (Day 5); Thu, Sep 29 (Day 6)",2022-09-14 11:06:41.723530+00:00,Completed
27,95,Norway,University of Oslo,,,Educational institute,Observer,Only watching the stream,"Tue, Sep 20 (Day 1); Wed, Sep 21 (Day 2); Thu, Sep 22 (Day 3); Tue, Sep 27 (Day 4); Wed, Sep 28 (Day 5); Thu, Sep 29 (Day 6)",2022-08-30 07:45:48.199205+00:00,Completed
28,200,Spain,University of the Basque Country,Physical Sciences,Graduate student,Friend / Colleague,Learner,I would like to get more information and decide later,"Tue, Sep 20 (Day 1); Wed, Sep 21 (Day 2); Thu, Sep 22 (Day 3); Tue, Sep 27 (Day 4); Wed, Sep 28 (Day 5); Thu, Sep 29 (Day 6)",2022-09-16 11:58:03.689263+00:00,Completed
29,133,Denmark,Technical University of Denmark,Physical Sciences,Postdoc,CodeRefinery.org,Learner,Watching stream and participate in online exercise group (Code Refinery Zoom),"Tue, Sep 20 (Day 1); Wed, Sep 21 (Day 2); Thu, Sep 22 (Day 3); Tue, Sep 27 (Day 4); Wed, Sep 28 (Day 5); Thu, Sep 29 (Day 6)",2022-09-07 07:17:30.475167+00:00,Completed
30,132,Turkey,ForteArGe,,,,Learner,Only watching the stream,"Tue, Sep 20 (Day 1); Wed, Sep 21 (Day 2); Tue, Sep 27 (Day 4); Wed, Sep 28 (Day 5)",2022-09-06 18:39:12.863775+00:00,Completed
31,174,Finland,Aalto University,Computer and Information Sciences,Graduate student,Educational institute,Observer,I would like to watch and exercise with others in-person,"Tue, Sep 20 (Day 1); Wed, Sep 21 (Day 2); Thu, Sep 22 (Day 3); Tue, Sep 27 (Day 4); Wed, Sep 28 (Day 5); Thu, Sep 29 (Day 6)",2022-09-13 14:47:54.023656+00:00,Completed
32,119,Sweden,Uppsala University,Computer and Information Sciences,Other,CodeRefinery.org; National HPC center; Friend / Colleague,Exercise leader,Watching stream and participate in online exercise group (Code Refinery Zoom),"Tue, Sep 20 (Day 1); Thu, Sep 22 (Day 3); Tue, Sep 27 (Day 4); Wed, Sep 28 (Day 5); Thu, Sep 29 (Day 6)",2022-09-02 09:05:08.711714+00:00,Completed
33,106,United Kingdom,University of Oxford,Chemical Sciences,Other,Twitter; Educational institute; National HPC center,Learner,Only watching the stream,"Tue, Sep 20 (Day 1); Wed, Sep 21 (Day 2); Thu, Sep 22 (Day 3)",2022-08-31 14:00:30.206803+00:00,Completed
34,78,Netherlands,University of Twente,Physical Sciences,Graduate student,Educational institute,Learner,Only watching the stream,"Tue, Sep 20 (Day 1); Wed, Sep 21 (Day 2); Thu, Sep 22 (Day 3); Tue, Sep 27 (Day 4); Wed, Sep 28 (Day 5); Thu, Sep 29 (Day 6)",2022-08-23 13:06:09.629019+00:00,Completed
35,208,Denmark,Technical University of Denmark,Mathematics,Graduate student,Twitter,Learner,Only watching the stream,"Tue, Sep 20 (Day 1); Wed, Sep 21 (Day 2); Thu, Sep 22 (Day 3); Tue, Sep 27 (Day 4); Wed, Sep 28 (Day 5); Thu, Sep 29 (Day 6)",2022-09-17 14:24:42.880333+00:00,Completed
36,110,Finland,Aalto University,,Research software engineer,,Instructor,I am an organizer or instructor or observer,"Tue, Sep 20 (Day 1); Wed, Sep 21 (Day 2); Thu, Sep 22 (Day 3); Tue, Sep 27 (Day 4); Wed, Sep 28 (Day 5); Thu, Sep 29 (Day 6)",2022-09-02 07:53:35.894697+00:00,Completed
37,122,Brazil,Independent Researcher,Biological Sciences,Researcher,Friend / Colleague,Learner,Watching stream and participate in online exercise group (Code Refinery Zoom),"Tue, Sep 20 (Day 1); Wed, Sep 21 (Day 2); Thu, Sep 22 (Day 3); Tue, Sep 27 (Day 4); Wed, Sep 28 (Day 5); Thu, Sep 29 (Day 6)",2022-09-02 12:00:56.108241+00:00,Completed
38,28,Sweden,Karolinska Institutet,Other Medical and Health Sciences,Researcher,CodeRefinery.org; Educational institute; Friend / Colleague,Learner,I would like to get more information and decide later,"Tue, Sep 20 (Day 1); Wed, Sep 21 (Day 2); Thu, Sep 22 (Day 3); Wed, Sep 28 (Day 5); Thu, Sep 29 (Day 6)",2022-07-04 12:39:43.466447+00:00,Completed
39,186,Sweden,SMHI,Earth and Related Environmental Sciences,,Friend / Colleague,Learner,Watching stream and participate in online exercise group (Code Refinery Zoom),"Tue, Sep 20 (Day 1); Thu, Sep 22 (Day 3); Wed, Sep 28 (Day 5); Thu, Sep 29 (Day 6)",2022-09-15 08:01:27.926997+00:00,Completed
40,198,Norway,Norwegian Metrology Service - Justervesenet,"Electrical Engineering, Electronic Engineering, Information Engineering",Researcher,Friend / Colleague,Learner,Watching stream and participate in online exercise group (Code Refinery Zoom),"Tue, Sep 20 (Day 1); Wed, Sep 21 (Day 2); Thu, Sep 22 (Day 3); Tue, Sep 27 (Day 4); Wed, Sep 28 (Day 5); Thu, Sep 29 (Day 6)",2022-09-16 09:58:13.463251+00:00,Completed
41,82,Iran,university of mazandaran,Chemical Sciences,Professor,Another event,Learner,I would like to get more information and decide later,"Tue, Sep 20 (Day 1); Wed, Sep 21 (Day 2); Thu, Sep 22 (Day 3); Tue, Sep 27 (Day 4); Wed, Sep 28 (Day 5); Thu, Sep 29 (Day 6)",2022-08-25 15:26:19.286196+00:00,Completed
42,165,Trinidad & Tobago,Cukurova University,Chemical Sciences,Professor,,Learner,Only watching the stream,"Tue, Sep 20 (Day 1); Wed, Sep 21 (Day 2); Thu, Sep 22 (Day 3)",2022-09-13 06:17:05.532915+00:00,Completed
43,204,Spain,University of Navarra,Psychology,Professor,Twitter,Learner,Only watching the stream,"Tue, Sep 20 (Day 1); Wed, Sep 21 (Day 2); Thu, Sep 22 (Day 3); Tue, Sep 27 (Day 4); Wed, Sep 28 (Day 5); Thu, Sep 29 (Day 6); Not sure I can attend, but please keep me informed",2022-09-17 07:50:32.543770+00:00,Completed
44,91,Norway,University of South Eastern Norway,Other Social Sciences,Other,Another event,Learner,Only watching the stream,"Tue, Sep 20 (Day 1); Wed, Sep 21 (Day 2); Thu, Sep 22 (Day 3); Tue, Sep 27 (Day 4); Wed, Sep 28 (Day 5); Thu, Sep 29 (Day 6)",2022-08-29 08:06:31.549593+00:00,Completed
45,85,Norway,university of oslo,Computer and Information Sciences,Research software engineer,National HPC center,Learner,I would like to watch and exercise with others in-person,"Tue, Sep 20 (Day 1); Wed, Sep 21 (Day 2); Thu, Sep 22 (Day 3); Tue, Sep 27 (Day 4); Wed, Sep 28 (Day 5); Thu, Sep 29 (Day 6)",2022-08-26 07:46:40.903348+00:00,Completed
46,104,Italy,Università di Modena e Reggio Emilia,Physical Sciences,Professor,CodeRefinery.org; National HPC center,Learner,Only watching the stream,"Tue, Sep 20 (Day 1); Wed, Sep 21 (Day 2); Thu, Sep 22 (Day 3); Tue, Sep 27 (Day 4); Wed, Sep 28 (Day 5); Thu, Sep 29 (Day 6)",2022-08-31 06:38:09.663773+00:00,Completed
47,49,Spain,IQM - CSIC,Chemical Sciences,Graduate student,Friend / Colleague,Learner,Watching stream and participate in online exercise group (Code Refinery Zoom),"Tue, Sep 20 (Day 1); Wed, Sep 21 (Day 2); Thu, Sep 22 (Day 3); Tue, Sep 27 (Day 4); Wed, Sep 28 (Day 5); Thu, Sep 29 (Day 6)",2022-07-13 09:38:10.894287+00:00,Completed
48,53,Sweden,Chalmers University of Technology,Mechanical Engineering,Other,CodeRefinery.org,Learner,I would like to get more information and decide later,"Tue, Sep 20 (Day 1); Wed, Sep 21 (Day 2); Thu, Sep 22 (Day 3); Tue, Sep 27 (Day 4); Wed, Sep 28 (Day 5); Thu, Sep 29 (Day 6)",2022-08-03 10:16:46.724072+00:00,Completed
49,242,India,"GSFC University, Vadodara",Physical Sciences,Professor,CodeRefinery.org,Learner,I would like to get more information and decide later,"Wed, Sep 21 (Day 2); Thu, Sep 22 (Day 3); Tue, Sep 27 (Day 4); Wed, Sep 28 (Day 5); Thu, Sep 29 (Day 6)",2022-09-20 11:14:11.706454+00:00,Completed
50,66,Italy,University of Bologna,Mechanical Engineering,Graduate student,Friend / Colleague,Learner,Watching stream and participate in online exercise group (Code Refinery Zoom),"Tue, Sep 20 (Day 1); Wed, Sep 21 (Day 2); Thu, Sep 22 (Day 3); Tue, Sep 27 (Day 4); Wed, Sep 28 (Day 5); Thu, Sep 29 (Day 6)",2022-08-16 15:28:23.929609+00:00,Completed
51,36,Norway,NTNU,Mechanical Engineering,Postdoc,Friend / Colleague,Learner,Only watching the stream,"Tue, Sep 20 (Day 1); Wed, Sep 21 (Day 2); Thu, Sep 22 (Day 3); Tue, Sep 27 (Day 4); Wed, Sep 28 (Day 5); Thu, Sep 29 (Day 6)",2022-07-07 09:11:07.729633+00:00,Completed
52,181,Ireland,Trinity College Dublin,Chemical Sciences,Graduate student,Friend / Colleague,Learner,Only watching the stream,"Tue, Sep 20 (Day 1); Wed, Sep 21 (Day 2); Thu, Sep 22 (Day 3); Tue, Sep 27 (Day 4); Wed, Sep 28 (Day 5); Thu, Sep 29 (Day 6)",2022-09-14 11:06:42.553087+00:00,Completed
53,193,Sweden,Lund University,Biological Sciences,Postdoc,National HPC center,Learner,Watching stream and participate in online exercise group (Code Refinery Zoom),"Tue, Sep 20 (Day 1); Wed, Sep 21 (Day 2); Thu, Sep 22 (Day 3); Tue, Sep 27 (Day 4); Wed, Sep 28 (Day 5); Thu, Sep 29 (Day 6)",2022-09-15 17:21:41.865591+00:00,Completed
54,43,India,Indian Institute of Technology Kharagpur,Chemical Sciences,Researcher,Twitter,Learner,Only watching the stream,"Tue, Sep 20 (Day 1); Wed, Sep 21 (Day 2); Thu, Sep 22 (Day 3); Tue, Sep 27 (Day 4); Wed, Sep 28 (Day 5); Thu, Sep 29 (Day 6)",2022-07-11 15:43:36.082566+00:00,Completed
55,145,Sweden,Uppsala University,"Electrical Engineering, Electronic Engineering, Information Engineering",Other,Educational institute; National HPC center,Learner,Watching stream and participate in online exercise group (Code Refinery Zoom),"Tue, Sep 20 (Day 1); Wed, Sep 21 (Day 2); Thu, Sep 22 (Day 3); Tue, Sep 27 (Day 4); Wed, Sep 28 (Day 5); Thu, Sep 29 (Day 6)",2022-09-09 16:55:20.066438+00:00,Completed
56,93,Sweden,Lund University,Clinical Medicine,Researcher,Educational institute,Learner,Only watching the stream,"Tue, Sep 20 (Day 1); Wed, Sep 21 (Day 2); Thu, Sep 22 (Day 3); Tue, Sep 27 (Day 4); Wed, Sep 28 (Day 5); Thu, Sep 29 (Day 6)",2022-08-29 09:31:47.383752+00:00,Completed
57,112,Finland,Aalto University,Health Sciences,Research software engineer,CodeRefinery.org,Organizer,I am an organizer or instructor or observer,"Tue, Sep 20 (Day 1); Wed, Sep 21 (Day 2); Thu, Sep 22 (Day 3); Tue, Sep 27 (Day 4); Wed, Sep 28 (Day 5); Thu, Sep 29 (Day 6)",2022-09-02 07:55:55.409419+00:00,Completed
58,184,Finland,University of Turku,Biological Sciences,Postdoc,Educational institute,Learner,Watching stream and participate in online exercise group (Code Refinery Zoom),"Tue, Sep 20 (Day 1); Wed, Sep 21 (Day 2); Thu, Sep 22 (Day 3); Tue, Sep 27 (Day 4); Wed, Sep 28 (Day 5); Thu, Sep 29 (Day 6)",2022-09-14 19:35:35.792540+00:00,Completed
59,189,Greece,University of Ioannina,Computer and Information Sciences,Professor,National HPC center,Learner,Watching stream and participate in online exercise group (Code Refinery Zoom),"Tue, Sep 27 (Day 4); Wed, Sep 28 (Day 5); Thu, Sep 29 (Day 6)",2022-09-15 13:44:35.379697+00:00,Completed
60,173,Finland,Aalto University,Computer and Information Sciences,Graduate student,Another event,Learner,I would like to get more information and decide later,"Tue, Sep 20 (Day 1); Wed, Sep 21 (Day 2); Thu, Sep 22 (Day 3); Tue, Sep 27 (Day 4); Wed, Sep 28 (Day 5); Thu, Sep 29 (Day 6)",2022-09-13 13:01:49.421190+00:00,Completed
61,238,Norway,University of Bergen,Earth and Related Environmental Sciences,Postdoc,National HPC center,Learner,Only watching the stream,"Wed, Sep 21 (Day 2); Thu, Sep 22 (Day 3); Tue, Sep 27 (Day 4); Wed, Sep 28 (Day 5); Thu, Sep 29 (Day 6)",2022-09-20 07:30:47.856588+00:00,Completed
62,121,Indonesia,University of Indonesia,,,,Learner,Watching stream and participate in online exercise group (Code Refinery Zoom),"Tue, Sep 20 (Day 1); Wed, Sep 21 (Day 2); Thu, Sep 22 (Day 3); Tue, Sep 27 (Day 4); Wed, Sep 28 (Day 5); Thu, Sep 29 (Day 6)",2022-09-02 11:40:54.893298+00:00,Completed
63,171,Finland,Aalto University,"Electrical Engineering, Electronic Engineering, Information Engineering",Postdoc,Friend / Colleague,Learner,Watching stream and participate in online exercise group (Code Refinery Zoom),"Tue, Sep 20 (Day 1); Wed, Sep 21 (Day 2); Thu, Sep 22 (Day 3); Tue, Sep 27 (Day 4); Wed, Sep 28 (Day 5); Thu, Sep 29 (Day 6)",2022-09-13 10:11:12.935363+00:00,Completed
64,120,Finland,Aalto University,Computer and Information Sciences,Graduate student,Educational institute,Learner,I would like to get more information and decide later,"Tue, Sep 27 (Day 4); Wed, Sep 28 (Day 5); Thu, Sep 29 (Day 6)",2022-09-02 10:48:36.335407+00:00,Completed
65,116,Sweden,KTH,Physical Sciences,Research software engineer,Friend / Colleague,Instructor,I am an organizer or instructor or observer,"Tue, Sep 20 (Day 1); Wed, Sep 21 (Day 2); Thu, Sep 22 (Day 3); Tue, Sep 27 (Day 4); Wed, Sep 28 (Day 5); Thu, Sep 29 (Day 6)",2022-09-02 08:06:29.063001+00:00,Completed
66,102,Norway,Norwegian University of Science and Technology,Mathematics,Graduate student,Educational institute,Learner,Only watching the stream,"Not sure I can attend, but please keep me informed",2022-08-30 13:52:02.572488+00:00,Completed
67,230,Norway,UiT - Arctic University of Norway,Computer and Information Sciences,Researcher,Friend / Colleague,Learner,Only watching the stream,"Not sure I can attend, but please keep me informed",2022-09-19 12:24:20.857794+00:00,Completed
68,38,Sweden,Karlstad University,Biological Sciences,Graduate student,Twitter,Learner,Only watching the stream,"Tue, Sep 20 (Day 1); Wed, Sep 21 (Day 2); Thu, Sep 22 (Day 3); Tue, Sep 27 (Day 4)",2022-07-08 09:17:33.949231+00:00,Completed
69,123,Finland,University of Helsinki,Biological Sciences,Researcher,National HPC center,Learner,I would like to get more information and decide later,"Not sure I can attend, but please keep me informed",2022-09-02 12:37:50.073849+00:00,Completed
70,233,Sweden,Stockholm University,Physical Sciences,Graduate student,Friend / Colleague,Learner,Watching stream and participate in online exercise group (Code Refinery Zoom),"Tue, Sep 20 (Day 1); Wed, Sep 21 (Day 2); Thu, Sep 22 (Day 3); Tue, Sep 27 (Day 4); Wed, Sep 28 (Day 5)",2022-09-19 18:18:18.529565+00:00,Completed
71,203,Italy,The university of Trento,Other Medical and Health Sciences,Other,Twitter,Learner,Only watching the stream,"Wed, Sep 21 (Day 2); Thu, Sep 22 (Day 3); Tue, Sep 27 (Day 4); Thu, Sep 29 (Day 6)",2022-09-17 06:34:14.120837+00:00,Completed
72,56,Finland,University of Turku,,,CodeRefinery.org,Learner,Only watching the stream,"Tue, Sep 20 (Day 1); Wed, Sep 21 (Day 2); Thu, Sep 22 (Day 3); Tue, Sep 27 (Day 4); Wed, Sep 28 (Day 5); Thu, Sep 29 (Day 6)",2022-08-08 15:03:35.377659+00:00,Completed
73,221,Canada,University of Toronto,Physical Sciences,Graduate student,Another event,Learner,Only watching the stream,"Tue, Sep 20 (Day 1); Wed, Sep 21 (Day 2); Thu, Sep 22 (Day 3); Tue, Sep 27 (Day 4); Wed, Sep 28 (Day 5)",2022-09-19 07:28:22.517762+00:00,Completed
74,245,Sweden,SMHI,Earth and Related Environmental Sciences,Researcher,National HPC center; Friend / Colleague,Learner,I would like to get more information and decide later,"Wed, Sep 21 (Day 2); Thu, Sep 22 (Day 3); Tue, Sep 27 (Day 4); Wed, Sep 28 (Day 5); Thu, Sep 29 (Day 6)",2022-09-21 06:46:21.564807+00:00,Completed
75,44,Ireland,Trinity college Dublin,Chemical Sciences,Graduate student,Twitter,Learner,Watching stream and participate in online exercise group (Code Refinery Zoom),"Tue, Sep 20 (Day 1); Wed, Sep 21 (Day 2); Thu, Sep 22 (Day 3); Tue, Sep 27 (Day 4); Wed, Sep 28 (Day 5); Thu, Sep 29 (Day 6)",2022-07-11 18:28:43.571432+00:00,Completed
76,114,Sweden,Uppsala University,Physical Sciences,Research software engineer,Friend / Colleague,Expert helper,Watching stream and participate in online exercise group (Code Refinery Zoom),"Tue, Sep 20 (Day 1); Wed, Sep 21 (Day 2); Thu, Sep 22 (Day 3)",2022-09-02 07:58:55.376964+00:00,Completed
77,117,Finland,CSC – IT Center For Science LTD.,Chemical Sciences,Industry,Twitter; CodeRefinery.org; National HPC center; Friend / Colleague; Another event,Organizer,I am an organizer or instructor or observer,"Tue, Sep 20 (Day 1); Wed, Sep 21 (Day 2); Thu, Sep 22 (Day 3); Tue, Sep 27 (Day 4); Wed, Sep 28 (Day 5); Thu, Sep 29 (Day 6)",2022-09-02 08:33:47.651261+00:00,Completed
78,70,Spain,Barcelona Supercomputing Center,Computer and Information Sciences,Research software engineer,Educational institute; Another event,Learner,Only watching the stream,"Tue, Sep 20 (Day 1); Wed, Sep 21 (Day 2); Thu, Sep 22 (Day 3); Tue, Sep 27 (Day 4); Wed, Sep 28 (Day 5); Thu, Sep 29 (Day 6)",2022-08-18 09:57:48.232187+00:00,Completed
79,46,Finland,University of Turku,Biological Sciences,Graduate student,National HPC center,Learner,Only watching the stream,"Tue, Sep 20 (Day 1); Wed, Sep 21 (Day 2); Thu, Sep 22 (Day 3); Tue, Sep 27 (Day 4); Wed, Sep 28 (Day 5); Thu, Sep 29 (Day 6)",2022-07-12 08:35:09.282842+00:00,Completed
80,219,Sweden,Karolinska Institutet,Biological Sciences,Graduate student,National HPC center,Learner,Watching stream and participate in online exercise group (Code Refinery Zoom),"Tue, Sep 20 (Day 1); Wed, Sep 21 (Day 2); Tue, Sep 27 (Day 4); Wed, Sep 28 (Day 5); Thu, Sep 29 (Day 6)",2022-09-19 07:08:58.011171+00:00,Completed
81,20,Sweden,Karolinska Institutet,Health Sciences,Graduate student,CodeRefinery.org,Learner,Only watching the stream,"Tue, Sep 20 (Day 1); Wed, Sep 21 (Day 2); Thu, Sep 22 (Day 3); Tue, Sep 27 (Day 4); Wed, Sep 28 (Day 5); Thu, Sep 29 (Day 6)",2022-07-04 09:16:34.945365+00:00,Completed
82,160,Finland,Aalto University,"Electrical Engineering, Electronic Engineering, Information Engineering",Graduate student,Educational institute,Learner,I would like to watch and exercise with others in-person,"Tue, Sep 20 (Day 1); Wed, Sep 21 (Day 2); Thu, Sep 22 (Day 3); Tue, Sep 27 (Day 4); Wed, Sep 28 (Day 5); Thu, Sep 29 (Day 6)",2022-09-12 12:11:14.561176+00:00,Completed
83,228,Finland,Suomen Ympäristökeskus,Earth and Related Environmental Sciences,Researcher,Friend / Colleague,Learner,I would like to get more information and decide later,"Tue, Sep 20 (Day 1); Wed, Sep 21 (Day 2); Not sure I can attend, but please keep me informed",2022-09-19 10:44:26.762440+00:00,Completed
84,152,Finland,Aalto University,Other Natural Sciences,Graduate student,Friend / Colleague; Another event,Learner,Only watching the stream,"Tue, Sep 20 (Day 1); Wed, Sep 21 (Day 2); Thu, Sep 22 (Day 3); Tue, Sep 27 (Day 4); Thu, Sep 29 (Day 6)",2022-09-12 08:18:10.178407+00:00,Completed
85,169,Finland,Aalto University,,,,Learner,I would like to get more information and decide later,"Tue, Sep 20 (Day 1); Wed, Sep 21 (Day 2); Thu, Sep 22 (Day 3); Tue, Sep 27 (Day 4); Wed, Sep 28 (Day 5); Thu, Sep 29 (Day 6)",2022-09-13 08:51:44.812584+00:00,Completed
86,81,Finland,University of Oulu,Computer and Information Sciences,Graduate student,Friend / Colleague,Learner,Watching stream and participate in online exercise group (Code Refinery Zoom),"Tue, Sep 20 (Day 1); Wed, Sep 21 (Day 2); Thu, Sep 22 (Day 3); Tue, Sep 27 (Day 4); Wed, Sep 28 (Day 5); Thu, Sep 29 (Day 6); Not sure I can attend, but please keep me informed",2022-08-25 08:58:11.291074+00:00,Completed
87,24,Norway,University of Oslo,,,,Exercise leader,I am an organizer or instructor or observer,"Tue, Sep 27 (Day 4); Wed, Sep 28 (Day 5); Thu, Sep 29 (Day 6)",2022-07-04 10:09:15.824545+00:00,Withdrawn
88,71,Sweden,SU,Biological Sciences,Research software engineer,National HPC center,Learner,Only watching the stream,"Tue, Sep 20 (Day 1); Wed, Sep 21 (Day 2); Thu, Sep 22 (Day 3); Tue, Sep 27 (Day 4); Wed, Sep 28 (Day 5); Thu, Sep 29 (Day 6)",2022-08-18 11:37:23.325513+00:00,Completed
89,231,Finland,Aalto University,Mechanical Engineering,Postdoc,Educational institute,Learner,Only watching the stream,"Tue, Sep 20 (Day 1); Wed, Sep 21 (Day 2); Thu, Sep 22 (Day 3); Tue, Sep 27 (Day 4); Wed, Sep 28 (Day 5); Thu, Sep 29 (Day 6)",2022-09-19 15:11:04.717763+00:00,Completed
90,237,Finland,Aalto University School of Science,Physical Sciences,Professor,Educational institute,Learner,Only watching the stream,"Tue, Sep 20 (Day 1); Thu, Sep 22 (Day 3); Tue, Sep 27 (Day 4); Thu, Sep 29 (Day 6); Not sure I can attend, but please keep me informed",2022-09-20 07:18:14.704584+00:00,Completed
91,205,United States,Duke,Biological Sciences,Researcher,Twitter,Learner,Only watching the stream,"Not sure I can attend, but please keep me informed",2022-09-17 11:23:24.892375+00:00,Completed
92,251,Sweden,Uppsala University,Computer and Information Sciences,Researcher,National HPC center,Learner,I would like to get more information and decide later,"Not sure I can attend, but please keep me informed",2022-09-26 09:03:05.046661+00:00,Completed
93,86,Norway,NTNU,Mechanical Engineering,Postdoc,Educational institute,Learner,Only watching the stream,"Tue, Sep 20 (Day 1); Wed, Sep 21 (Day 2); Thu, Sep 22 (Day 3); Tue, Sep 27 (Day 4); Wed, Sep 28 (Day 5); Thu, Sep 29 (Day 6)",2022-08-26 12:06:12.595458+00:00,Completed
94,187,Norway,University of Oslo,Mathematics,Postdoc,CodeRefinery.org,Learner,Watching stream and participate in online exercise group (Code Refinery Zoom),"Tue, Sep 20 (Day 1); Wed, Sep 21 (Day 2); Thu, Sep 22 (Day 3); Tue, Sep 27 (Day 4); Wed, Sep 28 (Day 5); Thu, Sep 29 (Day 6)",2022-09-15 08:54:56.692764+00:00,Completed
95,183,Finland,Helkama Bica,Environmental Biotechnology,Industry,Twitter; Another event,Learner,Only watching the stream,"Tue, Sep 20 (Day 1); Wed, Sep 21 (Day 2); Thu, Sep 22 (Day 3); Tue, Sep 27 (Day 4); Wed, Sep 28 (Day 5); Thu, Sep 29 (Day 6)",2022-09-14 13:08:10.497130+00:00,Completed
96,129,Spain,IMDEA Food Institute / Universidad Autónoma de Madrid,Biological Sciences,Graduate student,Friend / Colleague,Learner,I would like to get more information and decide later,"Tue, Sep 20 (Day 1); Wed, Sep 21 (Day 2); Thu, Sep 22 (Day 3); Tue, Sep 27 (Day 4); Wed, Sep 28 (Day 5); Thu, Sep 29 (Day 6)",2022-09-05 19:16:04.237455+00:00,Completed
97,226,Denmark,Aarhus university,Health Sciences,Postdoc,Friend / Colleague,Learner,Only watching the stream,"Tue, Sep 20 (Day 1); Wed, Sep 21 (Day 2); Thu, Sep 22 (Day 3)",2022-09-19 09:24:20.425639+00:00,Completed
98,212,Norway,UiT The Arctic university,Chemical Sciences,Graduate student,Friend / Colleague,Learner,Only watching the stream,"Tue, Sep 20 (Day 1); Wed, Sep 21 (Day 2); Thu, Sep 22 (Day 3); Tue, Sep 27 (Day 4); Wed, Sep 28 (Day 5); Thu, Sep 29 (Day 6)",2022-09-18 17:43:27.528177+00:00,Completed
99,143,Sweden,Karolinska Institutet,Basic Medicine,Researcher,Friend / Colleague,Learner,I would like to get more information and decide later,"Tue, Sep 20 (Day 1); Wed, Sep 21 (Day 2); Thu, Sep 22 (Day 3); Tue, Sep 27 (Day 4); Wed, Sep 28 (Day 5); Thu, Sep 29 (Day 6)",2022-09-09 10:28:56.623897+00:00,Completed
100,176,Finland,Aalto University,"Electrical Engineering, Electronic Engineering, Information Engineering",Graduate student,Educational institute,Learner,Only watching the stream,"Tue, Sep 20 (Day 1); Wed, Sep 21 (Day 2)",2022-09-14 07:27:50.973431+00:00,Completed
101,99,Norway,Norwegian university of science and technology,Civil Engineering,Graduate student,,Learner,Only watching the stream,"Not sure I can attend, but please keep me informed",2022-08-30 12:17:06.835363+00:00,Completed
102,51,Sweden,Uppsala University,Computer and Information Sciences,Graduate student,National HPC center,Learner,Only watching the stream,"Tue, Sep 20 (Day 1); Wed, Sep 21 (Day 2); Thu, Sep 22 (Day 3); Tue, Sep 27 (Day 4); Wed, Sep 28 (Day 5); Thu, Sep 29 (Day 6); Not sure I can attend, but please keep me informed",2022-07-24 20:03:26.573872+00:00,Completed
103,157,Sweden,SMHI,Earth and Related Environmental Sciences,Research software engineer,Friend / Colleague,Learner,Only watching the stream,"Tue, Sep 20 (Day 1); Wed, Sep 21 (Day 2); Thu, Sep 22 (Day 3); Tue, Sep 27 (Day 4); Wed, Sep 28 (Day 5); Thu, Sep 29 (Day 6)",2022-09-12 10:47:05.647212+00:00,Completed
104,131,Spain,Hospital Universitario de La Princesa - Universidad Autónoma de Madrid (HUP-UAM),Biological Sciences,Researcher,Friend / Colleague,Learner,Watching stream and participate in online exercise group (Code Refinery Zoom),"Tue, Sep 20 (Day 1); Wed, Sep 21 (Day 2); Thu, Sep 22 (Day 3); Tue, Sep 27 (Day 4); Wed, Sep 28 (Day 5); Thu, Sep 29 (Day 6)",2022-09-06 13:52:39.092218+00:00,Completed
105,218,Sweden,Västra Götalands Regionen,,,,Learner,I would like to watch and exercise with others in-person,"Wed, Sep 21 (Day 2); Thu, Sep 22 (Day 3); Tue, Sep 27 (Day 4); Thu, Sep 29 (Day 6); Not sure I can attend, but please keep me informed",2022-09-19 07:04:27.758701+00:00,Completed
106,179,Sweden,Lund University,Chemical Sciences,Graduate student,National HPC center,Learner,Only watching the stream,"Tue, Sep 20 (Day 1); Wed, Sep 21 (Day 2); Thu, Sep 22 (Day 3); Tue, Sep 27 (Day 4); Wed, Sep 28 (Day 5); Thu, Sep 29 (Day 6)",2022-09-14 10:52:24.007137+00:00,Completed
107,182,Finland,Aalto University,Physical Sciences,Researcher,Friend / Colleague,Learner,Only watching the stream,"Tue, Sep 20 (Day 1); Wed, Sep 21 (Day 2); Thu, Sep 22 (Day 3); Tue, Sep 27 (Day 4); Wed, Sep 28 (Day 5); Thu, Sep 29 (Day 6)",2022-09-14 11:52:13.369192+00:00,Completed
108,170,Sweden,SMHI,Earth and Related Environmental Sciences,Researcher,Friend / Colleague,Learner,Watching stream and participate in online exercise group (Code Refinery Zoom),"Tue, Sep 20 (Day 1); Wed, Sep 21 (Day 2); Thu, Sep 22 (Day 3); Tue, Sep 27 (Day 4); Wed, Sep 28 (Day 5); Thu, Sep 29 (Day 6); Not sure I can attend, but please keep me informed",2022-09-13 08:53:02.726362+00:00,Completed
109,190,Sweden,KTH Royal Institute of Technology,Biological Sciences,Graduate student,Another event,Learner,I would like to get more information and decide later,"Tue, Sep 20 (Day 1); Wed, Sep 21 (Day 2); Thu, Sep 22 (Day 3); Tue, Sep 27 (Day 4); Wed, Sep 28 (Day 5); Thu, Sep 29 (Day 6)",2022-09-15 13:45:46.784180+00:00,Completed
110,240,Switzerland,epfl,,,,Learner,Only watching the stream,"Not sure I can attend, but please keep me informed",2022-09-20 10:12:45.233882+00:00,Completed
111,48,United States,University of Illinois Urbana-Champaign,Computer and Information Sciences,Research software engineer,Twitter; CodeRefinery.org; Friend / Colleague,Learner,Watching stream and participate in online exercise group (Code Refinery Zoom),"Thu, Sep 22 (Day 3); Tue, Sep 27 (Day 4); Wed, Sep 28 (Day 5); Thu, Sep 29 (Day 6)",2022-07-12 17:11:37.582083+00:00,Completed
112,32,Finland,Aalto University,,,,Learner,Only watching the stream,"Not sure I can attend, but please keep me informed",2022-07-05 12:39:28.918539+00:00,Completed
113,74,Netherlands,TU Delft,Civil Engineering,Graduate student,Educational institute,Learner,Watching stream and participate in online exercise group (Code Refinery Zoom),"Tue, Sep 20 (Day 1); Wed, Sep 21 (Day 2); Thu, Sep 22 (Day 3); Tue, Sep 27 (Day 4); Wed, Sep 28 (Day 5); Thu, Sep 29 (Day 6)",2022-08-19 10:49:03.060070+00:00,Completed
114,229,Denmark,Aarhus University,Chemical Sciences,Graduate student,CodeRefinery.org,Learner,Watching stream and participate in online exercise group (Code Refinery Zoom),"Tue, Sep 20 (Day 1); Wed, Sep 21 (Day 2); Thu, Sep 22 (Day 3); Tue, Sep 27 (Day 4); Thu, Sep 29 (Day 6)",2022-09-19 11:22:14.399129+00:00,Completed
115,163,Finland,Aalto University,Mechanical Engineering,Graduate student,Educational institute,Learner,I would like to watch and exercise with others in-person,"Tue, Sep 20 (Day 1); Wed, Sep 21 (Day 2); Thu, Sep 22 (Day 3); Tue, Sep 27 (Day 4); Wed, Sep 28 (Day 5)",2022-09-12 13:18:50.116385+00:00,Completed
116,90,Norway,NTNU,Civil Engineering,Graduate student,Friend / Colleague,Learner,Watching stream and participate in online exercise group (Code Refinery Zoom),"Tue, Sep 20 (Day 1); Wed, Sep 21 (Day 2); Thu, Sep 22 (Day 3); Tue, Sep 27 (Day 4); Wed, Sep 28 (Day 5); Thu, Sep 29 (Day 6)",2022-08-29 07:55:22.886684+00:00,Completed
117,23,Norway,Norges teknisk-naturvitenskapelige universitet,Civil Engineering,Professor,Friend / Colleague,Learner,I would like to get more information and decide later,"Tue, Sep 20 (Day 1); Tue, Sep 27 (Day 4); Wed, Sep 28 (Day 5); Thu, Sep 29 (Day 6)",2022-07-04 09:47:14.418206+00:00,Completed
118,213,France,University Paris Saclay,Chemical Sciences,Graduate student,Friend / Colleague,Learner,Only watching the stream,"Tue, Sep 20 (Day 1); Wed, Sep 21 (Day 2); Thu, Sep 22 (Day 3); Tue, Sep 27 (Day 4); Wed, Sep 28 (Day 5); Thu, Sep 29 (Day 6)",2022-09-18 17:44:19.935169+00:00,Completed
119,142,Sweden,Karolinska Institutet,Biological Sciences,Postdoc,Friend / Colleague,Learner,I would like to get more information and decide later,"Tue, Sep 20 (Day 1); Wed, Sep 21 (Day 2); Thu, Sep 22 (Day 3); Tue, Sep 27 (Day 4); Wed, Sep 28 (Day 5); Thu, Sep 29 (Day 6)",2022-09-09 09:44:22.671648+00:00,Completed
120,108,Norway,NTNU university,Environmental Engineering,Researcher,Educational institute,Learner,Only watching the stream,"Tue, Sep 20 (Day 1); Wed, Sep 21 (Day 2); Thu, Sep 22 (Day 3); Tue, Sep 27 (Day 4); Wed, Sep 28 (Day 5); Thu, Sep 29 (Day 6)",2022-09-01 07:37:55.019822+00:00,Completed
121,243,Finland,Aalto,Computer and Information Sciences,Researcher,Friend / Colleague,Learner,I would like to watch and exercise with others in-person,"Tue, Sep 27 (Day 4); Wed, Sep 28 (Day 5); Thu, Sep 29 (Day 6)",2022-09-21 05:14:02.966202+00:00,Completed
122,177,Finland,aalto,Materials Engineering,Researcher,Friend / Colleague,Learner,I would like to watch and exercise with others in-person,"Not sure I can attend, but please keep me informed",2022-09-14 09:33:16.590706+00:00,Completed
123,31,Switzerland,University of Geneva,Earth and Related Environmental Sciences,Graduate student,Friend / Colleague,Learner,Watching stream and participate in online exercise group (Code Refinery Zoom),"Tue, Sep 20 (Day 1); Wed, Sep 21 (Day 2); Thu, Sep 22 (Day 3); Tue, Sep 27 (Day 4); Wed, Sep 28 (Day 5); Thu, Sep 29 (Day 6)",2022-07-05 12:33:06.011290+00:00,Completed
124,63,Finland,Aalto University,Physical Sciences,Graduate student,Friend / Colleague,Learner,I would like to get more information and decide later,"Tue, Sep 20 (Day 1); Wed, Sep 21 (Day 2); Thu, Sep 22 (Day 3); Tue, Sep 27 (Day 4); Wed, Sep 28 (Day 5); Thu, Sep 29 (Day 6)",2022-08-15 07:26:26.364060+00:00,Completed
125,158,Sweden,SMHI,Computer and Information Sciences,Industry,Friend / Colleague,Learner,Only watching the stream,"Tue, Sep 20 (Day 1); Wed, Sep 21 (Day 2); Thu, Sep 22 (Day 3); Tue, Sep 27 (Day 4); Wed, Sep 28 (Day 5); Thu, Sep 29 (Day 6)",2022-09-12 10:48:36.413667+00:00,Completed
126,30,Sweden,University of Helsinki,Biological Sciences,Postdoc,CodeRefinery.org,Learner,I would like to get more information and decide later,"Tue, Sep 20 (Day 1); Wed, Sep 21 (Day 2); Thu, Sep 22 (Day 3); Tue, Sep 27 (Day 4); Wed, Sep 28 (Day 5); Thu, Sep 29 (Day 6)",2022-07-05 07:38:43.557140+00:00,Completed
127,241,Finland,Aalto-yliopisto,"Electrical Engineering, Electronic Engineering, Information Engineering",Graduate student,Friend / Colleague,Learner,Only watching the stream,"Not sure I can attend, but please keep me informed",2022-09-20 11:06:32.806175+00:00,Completed
128,166,Finland,University of Eastern Finland,Biological Sciences,Other,Educational institute,Learner,Watching stream and participate in online exercise group (Code Refinery Zoom),"Tue, Sep 20 (Day 1); Wed, Sep 21 (Day 2); Thu, Sep 22 (Day 3); Tue, Sep 27 (Day 4)",2022-09-13 06:26:49.509321+00:00,Completed
129,239,Sweden,Karolinska Institute,Biological Sciences,Graduate student,Friend / Colleague,Learner,I would like to watch and exercise with others in-person,"Tue, Sep 20 (Day 1); Wed, Sep 21 (Day 2); Thu, Sep 22 (Day 3); Tue, Sep 27 (Day 4); Wed, Sep 28 (Day 5); Thu, Sep 29 (Day 6)",2022-09-20 07:37:04.672423+00:00,Completed
130,197,Norway,Norwegian Metrology Service - Justervesenet,Physical Sciences,Researcher,Friend / Colleague,Learner,Watching stream and participate in online exercise group (Code Refinery Zoom),"Tue, Sep 27 (Day 4); Wed, Sep 28 (Day 5); Thu, Sep 29 (Day 6)",2022-09-16 09:55:02.937777+00:00,Completed
131,248,Spain,Universidad de La Laguna,Physical Sciences,Graduate student,CodeRefinery.org,Learner,Watching stream and participate in online exercise group (Code Refinery Zoom),"Tue, Sep 27 (Day 4); Wed, Sep 28 (Day 5); Thu, Sep 29 (Day 6)",2022-09-24 12:31:35.791593+00:00,Completed
132,195,Norway,NERSC,Physical Sciences,Researcher,Educational institute,Learner,I would like to get more information and decide later,"Tue, Sep 20 (Day 1); Wed, Sep 21 (Day 2); Thu, Sep 22 (Day 3); Tue, Sep 27 (Day 4); Wed, Sep 28 (Day 5); Thu, Sep 29 (Day 6)",2022-09-16 07:57:48.162461+00:00,Completed
133,98,Norway,NTNU,Computer and Information Sciences,Professor,Another event,Learner,Only watching the stream,"Tue, Sep 20 (Day 1); Wed, Sep 21 (Day 2); Thu, Sep 22 (Day 3)",2022-08-30 10:58:26.998480+00:00,Completed
134,21,Spain,Universidad de Valencia,Chemical Sciences,Graduate student,Friend / Colleague,Learner,Only watching the stream,"Tue, Sep 20 (Day 1); Wed, Sep 21 (Day 2); Thu, Sep 22 (Day 3); Tue, Sep 27 (Day 4); Wed, Sep 28 (Day 5); Thu, Sep 29 (Day 6)",2022-07-04 09:20:26.739430+00:00,Completed
135,103,United Kingdom,SSEN,"Electrical Engineering, Electronic Engineering, Information Engineering",Researcher,National HPC center,Learner,Watching stream and participate in online exercise group (Code Refinery Zoom),"Tue, Sep 20 (Day 1); Wed, Sep 21 (Day 2); Thu, Sep 22 (Day 3); Tue, Sep 27 (Day 4); Wed, Sep 28 (Day 5); Thu, Sep 29 (Day 6)",2022-08-30 16:26:43.446517+00:00,Completed
136,73,Germany,Philipps-University Marburg,Biological Sciences,Postdoc,CodeRefinery.org,Learner,Only watching the stream,"Tue, Sep 20 (Day 1); Wed, Sep 21 (Day 2); Thu, Sep 22 (Day 3); Tue, Sep 27 (Day 4); Wed, Sep 28 (Day 5); Thu, Sep 29 (Day 6)",2022-08-19 10:25:46.273690+00:00,Completed
137,115,Finland,Aalto University,Computer and Information Sciences,Research software engineer,Another event,Instructor,I am an organizer or instructor or observer,"Tue, Sep 20 (Day 1); Wed, Sep 21 (Day 2); Thu, Sep 22 (Day 3); Tue, Sep 27 (Day 4); Wed, Sep 28 (Day 5); Thu, Sep 29 (Day 6)",2022-09-02 08:06:26.909460+00:00,Completed
138,222,Finland,Aalto University,Physical Sciences,Graduate student,Educational institute,Learner,I would like to get more information and decide later,"Tue, Sep 20 (Day 1); Wed, Sep 21 (Day 2); Thu, Sep 22 (Day 3); Wed, Sep 28 (Day 5); Thu, Sep 29 (Day 6); Not sure I can attend, but please keep me informed",2022-09-19 08:00:03.170030+00:00,Completed
139,128,Sweden,Uppsala University,Political Science,Research software engineer,National HPC center,Learner,Only watching the stream,"Tue, Sep 20 (Day 1); Wed, Sep 21 (Day 2); Thu, Sep 22 (Day 3); Tue, Sep 27 (Day 4); Thu, Sep 29 (Day 6)",2022-09-05 14:34:32.266161+00:00,Completed
140,202,Thailand,Chiang Mai University,Mathematics,Researcher,Twitter,Learner,Only watching the stream,"Not sure I can attend, but please keep me informed",2022-09-17 04:38:54.618574+00:00,Completed
141,139,Finland,CSC.FI,Computer and Information Sciences,Other,Friend / Colleague,Learner,Only watching the stream,"Tue, Sep 20 (Day 1); Wed, Sep 21 (Day 2); Thu, Sep 22 (Day 3); Tue, Sep 27 (Day 4); Wed, Sep 28 (Day 5); Thu, Sep 29 (Day 6)",2022-09-07 15:28:49.779786+00:00,Completed
142,191,Finland,Aalto,Medical Engineering,Industry,CodeRefinery.org; Educational institute,Learner,Watching stream and participate in online exercise group (Code Refinery Zoom),"Tue, Sep 20 (Day 1); Wed, Sep 21 (Day 2); Tue, Sep 27 (Day 4); Wed, Sep 28 (Day 5); Thu, Sep 29 (Day 6)",2022-09-15 14:00:59.506820+00:00,Completed
143,27,Norway,University of Bergen,Earth and Related Environmental Sciences,Research software engineer,CodeRefinery.org,Expert helper,Watching stream and participate in online exercise group (Code Refinery Zoom),"Thu, Sep 22 (Day 3); Tue, Sep 27 (Day 4); Wed, Sep 28 (Day 5); Thu, Sep 29 (Day 6)",2022-07-04 11:14:18.172318+00:00,Completed
144,88,Norway,NTNU,Other Engineering and Technologies,Graduate student,Friend / Colleague,Learner,Only watching the stream,"Tue, Sep 20 (Day 1); Wed, Sep 21 (Day 2); Thu, Sep 22 (Day 3); Tue, Sep 27 (Day 4); Wed, Sep 28 (Day 5); Thu, Sep 29 (Day 6)",2022-08-26 14:40:10.625286+00:00,Completed
145,113,Finland,Aalto University,Other,Research software engineer,,Instructor,I am an organizer or instructor or observer,"Tue, Sep 20 (Day 1); Wed, Sep 21 (Day 2); Thu, Sep 22 (Day 3); Tue, Sep 27 (Day 4); Wed, Sep 28 (Day 5); Thu, Sep 29 (Day 6)",2022-09-02 07:56:28.390585+00:00,Completed
146,247,Finland,Aalto University,"Electrical Engineering, Electronic Engineering, Information Engineering",Researcher,Another event,Learner,Only watching the stream,"Tue, Sep 20 (Day 1); Wed, Sep 21 (Day 2); Thu, Sep 22 (Day 3); Tue, Sep 27 (Day 4); Wed, Sep 28 (Day 5); Thu, Sep 29 (Day 6)",2022-09-21 13:52:22.826431+00:00,Completed
147,97,Norway,Norwegian University of Science and Technology (NTNU),"Electrical Engineering, Electronic Engineering, Information Engineering",Postdoc,Educational institute,Learner,I would like to get more information and decide later,"Tue, Sep 20 (Day 1); Wed, Sep 21 (Day 2); Thu, Sep 22 (Day 3); Tue, Sep 27 (Day 4); Wed, Sep 28 (Day 5); Thu, Sep 29 (Day 6)",2022-08-30 08:35:46.405023+00:00,Completed
148,223,Norway,University of Bergen,Earth and Related Environmental Sciences,Postdoc,Friend / Colleague,Learner,Only watching the stream,"Tue, Sep 20 (Day 1); Wed, Sep 21 (Day 2); Thu, Sep 22 (Day 3); Tue, Sep 27 (Day 4); Wed, Sep 28 (Day 5); Thu, Sep 29 (Day 6)",2022-09-19 08:04:28.739564+00:00,Completed
149,172,Finland,Aalto University,,,Friend / Colleague,Learner,Only watching the stream,"Not sure I can attend, but please keep me informed",2022-09-13 10:53:58.799112+00:00,Completed
150,26,Norway,NTNU,Civil Engineering,Postdoc,Friend / Colleague,Learner,Watching stream and participate in online exercise group (Code Refinery Zoom),"Tue, Sep 20 (Day 1); Wed, Sep 21 (Day 2); Thu, Sep 22 (Day 3); Tue, Sep 27 (Day 4); Wed, Sep 28 (Day 5); Thu, Sep 29 (Day 6)",2022-07-04 11:10:55.864496+00:00,Completed
151,220,Sweden,Sahlgrenska University Hospital,Physical Sciences,Industry,Friend / Colleague,Learner,I would like to watch and exercise with others in-person,"Wed, Sep 21 (Day 2); Wed, Sep 28 (Day 5); Thu, Sep 29 (Day 6)",2022-09-19 07:12:17.913905+00:00,Completed
152,89,Sweden,Technical University of Chalmers,Mechanical Engineering,Postdoc,Educational institute,Learner,Only watching the stream,"Tue, Sep 20 (Day 1)",2022-08-28 08:56:10.569890+00:00,Completed
153,127,Finland,Aalto University,Computer and Information Sciences,Postdoc,Educational institute,Learner,Watching stream and participate in online exercise group (Code Refinery Zoom),"Not sure I can attend, but please keep me informed",2022-09-05 11:12:20.446738+00:00,Completed
154,140,Finland,University of Helsinki,Chemical Sciences,Researcher,National HPC center,Learner,Only watching the stream,"Tue, Sep 20 (Day 1); Wed, Sep 21 (Day 2); Thu, Sep 22 (Day 3); Tue, Sep 27 (Day 4); Wed, Sep 28 (Day 5)",2022-09-08 07:40:39.986970+00:00,Completed
155,69,Finland,Aalto University,Computer and Information Sciences,Research software engineer,Friend / Colleague,Learner,Watching stream and participate in online exercise group (Code Refinery Zoom),"Tue, Sep 20 (Day 1); Wed, Sep 21 (Day 2); Thu, Sep 22 (Day 3); Tue, Sep 27 (Day 4); Wed, Sep 28 (Day 5); Thu, Sep 29 (Day 6)",2022-08-18 09:22:16.891575+00:00,Completed
156,178,Finland,Aalto University,Medical Engineering,Graduate student,Educational institute,Learner,I would like to watch and exercise with others in-person,"Tue, Sep 20 (Day 1); Wed, Sep 21 (Day 2); Thu, Sep 22 (Day 3); Tue, Sep 27 (Day 4); Wed, Sep 28 (Day 5); Thu, Sep 29 (Day 6)",2022-09-14 10:24:01.225741+00:00,Completed
157,207,United Kingdom,"Goldsmiths, University of London",Psychology,Postdoc,Twitter,Learner,Only watching the stream,"Tue, Sep 20 (Day 1); Thu, Sep 22 (Day 3); Tue, Sep 27 (Day 4); Thu, Sep 29 (Day 6)",2022-09-17 12:31:24.432035+00:00,Completed
158,234,Sweden,SMHI,Earth and Related Environmental Sciences,Other,Friend / Colleague,Learner,Only watching the stream,"Tue, Sep 20 (Day 1); Wed, Sep 21 (Day 2); Thu, Sep 22 (Day 3); Tue, Sep 27 (Day 4); Wed, Sep 28 (Day 5); Thu, Sep 29 (Day 6)",2022-09-19 19:08:31.463700+00:00,Completed
159,192,India,Dr. A.P.J. Abdul Kalam Technical University,Computer and Information Sciences,Graduate student,Another event,Learner,Watching stream and participate in online exercise group (Code Refinery Zoom),"Tue, Sep 20 (Day 1); Wed, Sep 21 (Day 2); Thu, Sep 22 (Day 3)",2022-09-15 14:35:36.205856+00:00,Completed
160,144,Sweden,Lund University,Mechanical Engineering,Graduate student,Educational institute; Friend / Colleague,Learner,Watching stream and participate in online exercise group (Code Refinery Zoom),"Tue, Sep 20 (Day 1); Wed, Sep 21 (Day 2); Thu, Sep 22 (Day 3); Tue, Sep 27 (Day 4); Wed, Sep 28 (Day 5); Thu, Sep 29 (Day 6)",2022-09-09 10:36:04.941448+00:00,Completed
161,149,Sweden,SMHI,Environmental Engineering,Other,Friend / Colleague,Learner,Only watching the stream,"Tue, Sep 20 (Day 1); Thu, Sep 22 (Day 3); Tue, Sep 27 (Day 4); Thu, Sep 29 (Day 6)",2022-09-12 06:40:32.314964+00:00,Completed
162,210,Spain,Instituto de Neurociencias de Alicante,,,Twitter,Learner,Only watching the stream,"Tue, Sep 20 (Day 1); Wed, Sep 21 (Day 2); Thu, Sep 22 (Day 3); Tue, Sep 27 (Day 4); Not sure I can attend, but please keep me informed",2022-09-18 00:13:02.975865+00:00,Completed
163,156,Finland,Aalto University,Economics and Business,Graduate student,Another event,Learner,I would like to get more information and decide later,"Tue, Sep 20 (Day 1); Wed, Sep 21 (Day 2); Thu, Sep 22 (Day 3); Tue, Sep 27 (Day 4); Wed, Sep 28 (Day 5); Thu, Sep 29 (Day 6); Not sure I can attend, but please keep me informed",2022-09-12 09:47:33.899309+00:00,Completed
164,147,Sweden,Uppsala University,Physical Sciences,,National HPC center,Learner,Watching stream and participate in online exercise group (Code Refinery Zoom),"Tue, Sep 20 (Day 1); Wed, Sep 21 (Day 2); Thu, Sep 22 (Day 3); Tue, Sep 27 (Day 4); Wed, Sep 28 (Day 5); Thu, Sep 29 (Day 6)",2022-09-10 12:33:03.105577+00:00,Completed
165,83,Sweden,Uppsala University,Biological Sciences,Postdoc,,Learner,Only watching the stream,"Tue, Sep 20 (Day 1); Wed, Sep 21 (Day 2); Thu, Sep 22 (Day 3); Tue, Sep 27 (Day 4); Wed, Sep 28 (Day 5); Thu, Sep 29 (Day 6)",2022-08-26 05:27:59.427073+00:00,Completed
166,25,Sweden,KTH,Civil Engineering,Industry,CodeRefinery.org,Learner,Watching stream and participate in online exercise group (Code Refinery Zoom),"Tue, Sep 27 (Day 4); Wed, Sep 28 (Day 5); Thu, Sep 29 (Day 6)",2022-07-04 10:52:49.650799+00:00,Completed
167,214,Finland,University of helsinki,,,,Learner,Only watching the stream,"Tue, Sep 20 (Day 1); Wed, Sep 21 (Day 2); Thu, Sep 22 (Day 3); Tue, Sep 27 (Day 4); Wed, Sep 28 (Day 5); Thu, Sep 29 (Day 6); Not sure I can attend, but please keep me informed",2022-09-18 17:52:38.127720+00:00,Completed
168,22,Finland,Aalto university,Mechanical Engineering,Researcher,CodeRefinery.org,Learner,Watching stream and participate in online exercise group (Code Refinery Zoom),"Tue, Sep 20 (Day 1); Wed, Sep 21 (Day 2); Thu, Sep 22 (Day 3); Tue, Sep 27 (Day 4); Wed, Sep 28 (Day 5); Thu, Sep 29 (Day 6); Not sure I can attend, but please keep me informed",2022-07-04 09:39:08.333263+00:00,Completed
169,47,Sweden,Swedish University of Agricultural Sciences,Biological Sciences,Postdoc,CodeRefinery.org,Learner,Watching stream and participate in online exercise group (Code Refinery Zoom),"Not sure I can attend, but please keep me informed",2022-07-12 10:56:30.437943+00:00,Completed
170,194,Norway,"Nansen Environmental and Remote Sensing Center (NERSC), Bergen, Norway",Earth and Related Environmental Sciences,Researcher,Friend / Colleague,Learner,Watching stream and participate in online exercise group (Code Refinery Zoom),"Tue, Sep 20 (Day 1); Wed, Sep 21 (Day 2); Thu, Sep 22 (Day 3); Tue, Sep 27 (Day 4); Wed, Sep 28 (Day 5); Thu, Sep 29 (Day 6)",2022-09-15 21:11:59.761363+00:00,Completed
171,124,Sweden,Chalmers University of Technology,Physical Sciences,Graduate student,Friend / Colleague,Learner,Watching stream and participate in online exercise group (Code Refinery Zoom),"Tue, Sep 20 (Day 1); Wed, Sep 21 (Day 2); Thu, Sep 22 (Day 3); Tue, Sep 27 (Day 4); Wed, Sep 28 (Day 5); Thu, Sep 29 (Day 6)",2022-09-03 16:25:57.327986+00:00,Completed
172,250,Norway,UiO,Computer and Information Sciences,Other,Friend / Colleague,Observer,Only watching the stream,"Tue, Sep 27 (Day 4); Wed, Sep 28 (Day 5); Thu, Sep 29 (Day 6)",2022-09-26 07:53:01.635701+00:00,Completed
173,18,Switzerland,TU Delft,Mechanical Engineering,Graduate student,CodeRefinery.org,Learner,Only watching the stream,"Tue, Sep 20 (Day 1); Wed, Sep 21 (Day 2); Thu, Sep 22 (Day 3); Tue, Sep 27 (Day 4); Wed, Sep 28 (Day 5); Thu, Sep 29 (Day 6)",2022-07-04 08:59:07.184928+00:00,Completed
174,161,Finland,Aalto University,,,Educational institute,Learner,Only watching the stream,"Tue, Sep 20 (Day 1); Wed, Sep 21 (Day 2); Thu, Sep 22 (Day 3); Tue, Sep 27 (Day 4); Wed, Sep 28 (Day 5); Thu, Sep 29 (Day 6)",2022-09-12 12:30:33.817647+00:00,Completed
175,252,Sweden,Sahlgrenska University Hospital,Clinical Medicine,Postdoc,,Learner,Only watching the stream,"Thu, Sep 29 (Day 6)",2022-09-29 07:47:42.135410+00:00,Completed
176,211,Singapore,National University of Singapore,Biological Sciences,Postdoc,Twitter,Learner,Only watching the stream,"Tue, Sep 20 (Day 1); Not sure I can attend, but please keep me informed",2022-09-18 03:32:37.751240+00:00,Completed
177,94,Norway,Justervesenet-Norwegian Metrology Service,Physical Sciences,Researcher,National HPC center,Learner,Watching stream and participate in online exercise group (Code Refinery Zoom),"Tue, Sep 20 (Day 1); Wed, Sep 21 (Day 2); Thu, Sep 22 (Day 3); Tue, Sep 27 (Day 4); Wed, Sep 28 (Day 5); Thu, Sep 29 (Day 6)",2022-08-29 11:00:57.909228+00:00,Completed
178,126,Finland,Aalto Universitu,"Electrical Engineering, Electronic Engineering, Information Engineering",Undergrad. student,Educational institute,Learner,Only watching the stream,"Tue, Sep 20 (Day 1); Wed, Sep 21 (Day 2); Thu, Sep 22 (Day 3); Tue, Sep 27 (Day 4); Wed, Sep 28 (Day 5); Thu, Sep 29 (Day 6)",2022-09-05 11:02:44.983212+00:00,Completed
179,227,Finland,Aalto University,Other Engineering and Technologies,Undergrad. student,Educational institute,Learner,Watching stream and participate in online exercise group (Code Refinery Zoom),"Tue, Sep 20 (Day 1); Wed, Sep 21 (Day 2); Thu, Sep 22 (Day 3); Tue, Sep 27 (Day 4); Wed, Sep 28 (Day 5); Thu, Sep 29 (Day 6)",2022-09-19 09:46:39.167871+00:00,Completed
180,154,Finland,aalto university,,Graduate student,CodeRefinery.org,Learner,Watching stream and participate in online exercise group (Code Refinery Zoom),"Tue, Sep 20 (Day 1); Wed, Sep 21 (Day 2); Tue, Sep 27 (Day 4)",2022-09-12 09:04:37.682135+00:00,Completed
181,206,India,IISER,Computer and Information Sciences,Research software engineer,Twitter,Learner,Watching stream and participate in online exercise group (Code Refinery Zoom),"Tue, Sep 20 (Day 1); Wed, Sep 21 (Day 2); Thu, Sep 22 (Day 3); Tue, Sep 27 (Day 4); Wed, Sep 28 (Day 5); Thu, Sep 29 (Day 6)",2022-09-17 11:46:29.881994+00:00,Completed
182,125,Finland,Aalto university,Physical Sciences,Graduate student,Another event,Learner,Only watching the stream,"Tue, Sep 20 (Day 1); Wed, Sep 21 (Day 2); Thu, Sep 22 (Day 3); Tue, Sep 27 (Day 4); Wed, Sep 28 (Day 5); Thu, Sep 29 (Day 6)",2022-09-03 18:37:20.148124+00:00,Completed
183,164,Finland,Aalto University,Computer and Information Sciences,Graduate student,Educational institute,Learner,Only watching the stream,"Tue, Sep 20 (Day 1); Wed, Sep 21 (Day 2); Thu, Sep 22 (Day 3); Tue, Sep 27 (Day 4); Wed, Sep 28 (Day 5); Thu, Sep 29 (Day 6)",2022-09-12 14:09:32.212021+00:00,Completed
184,185,Norway,UiT,Physical Sciences,Graduate student,Friend / Colleague,Learner,Watching stream and participate in online exercise group (Code Refinery Zoom),"Tue, Sep 20 (Day 1); Wed, Sep 21 (Day 2); Thu, Sep 22 (Day 3); Tue, Sep 27 (Day 4); Wed, Sep 28 (Day 5); Thu, Sep 29 (Day 6)",2022-09-14 19:59:54.464341+00:00,Completed
185,188,Netherlands,DSB BV,Physical Sciences,Industry,Another event,Learner,Only watching the stream,"Tue, Sep 20 (Day 1); Wed, Sep 21 (Day 2); Thu, Sep 22 (Day 3); Tue, Sep 27 (Day 4); Wed, Sep 28 (Day 5); Thu, Sep 29 (Day 6)",2022-09-15 13:39:34.409628+00:00,Completed
186,246,Finland,Aalto University,Health Sciences,Undergrad. student,Friend / Colleague,Learner,I would like to watch and exercise with others in-person,"Not sure I can attend, but please keep me informed",2022-09-21 07:04:32.525183+00:00,Completed
187,199,Sweden,SMHI,,,,Learner,I would like to get more information and decide later,"Tue, Sep 20 (Day 1); Wed, Sep 21 (Day 2); Thu, Sep 22 (Day 3); Tue, Sep 27 (Day 4); Wed, Sep 28 (Day 5); Thu, Sep 29 (Day 6)",2022-09-16 11:04:24.526788+00:00,Completed
188,141,Finland,Aalto University,Computer and Information Sciences,Graduate student,,Learner,Only watching the stream,"Tue, Sep 20 (Day 1); Wed, Sep 21 (Day 2); Thu, Sep 22 (Day 3); Tue, Sep 27 (Day 4); Wed, Sep 28 (Day 5); Thu, Sep 29 (Day 6)",2022-09-08 22:25:13.982775+00:00,Completed
189,87,Norway,University of Oslo,Earth and Related Environmental Sciences,Graduate student,Educational institute,Learner,Only watching the stream,"Tue, Sep 20 (Day 1); Wed, Sep 21 (Day 2); Thu, Sep 22 (Day 3); Tue, Sep 27 (Day 4); Wed, Sep 28 (Day 5); Thu, Sep 29 (Day 6)",2022-08-26 12:22:41.407693+00:00,Completed
190,34,Sweden,"ENCCS, Uppsala University",Computer and Information Sciences,Researcher,Friend / Colleague,Instructor,I am an organizer or instructor or observer,"Tue, Sep 20 (Day 1); Wed, Sep 21 (Day 2); Thu, Sep 22 (Day 3); Tue, Sep 27 (Day 4); Wed, Sep 28 (Day 5); Thu, Sep 29 (Day 6)",2022-07-07 08:35:11.844779+00:00,Completed
191,155,Sweden,Swedish Meteorological and Hydrological Institute,Earth and Related Environmental Sciences,Researcher,Friend / Colleague,Learner,Watching stream and participate in online exercise group (Code Refinery Zoom),"Tue, Sep 20 (Day 1); Wed, Sep 21 (Day 2); Thu, Sep 22 (Day 3); Tue, Sep 27 (Day 4); Wed, Sep 28 (Day 5); Thu, Sep 29 (Day 6)",2022-09-12 09:32:04.985203+00:00,Completed
192,111,Finland,CSC,Computer and Information Sciences,Researcher,Friend / Colleague,Instructor,Only watching the stream,"Tue, Sep 20 (Day 1); Wed, Sep 21 (Day 2); Thu, Sep 22 (Day 3); Tue, Sep 27 (Day 4); Wed, Sep 28 (Day 5); Thu, Sep 29 (Day 6)",2022-09-02 07:54:21.633381+00:00,Completed
193,148,Finland,Aalto University,Economics and Business,Graduate student,,Learner,I would like to get more information and decide later,"Tue, Sep 20 (Day 1); Wed, Sep 21 (Day 2); Thu, Sep 22 (Day 3); Tue, Sep 27 (Day 4); Wed, Sep 28 (Day 5); Thu, Sep 29 (Day 6)",2022-09-12 06:24:41.367472+00:00,Completed
194,209,China,McGill,Psychology,Graduate student,,Learner,Only watching the stream,"Tue, Sep 20 (Day 1); Wed, Sep 21 (Day 2); Thu, Sep 22 (Day 3); Tue, Sep 27 (Day 4); Wed, Sep 28 (Day 5); Thu, Sep 29 (Day 6); Not sure I can attend, but please keep me informed",2022-09-17 18:54:09.839185+00:00,Completed
195,84,Norway,Nansen Environmental and Remote Sensing Center,Earth and Related Environmental Sciences,Researcher,National HPC center,Learner,Only watching the stream,"Tue, Sep 20 (Day 1); Wed, Sep 21 (Day 2); Thu, Sep 22 (Day 3); Tue, Sep 27 (Day 4); Wed, Sep 28 (Day 5); Thu, Sep 29 (Day 6)",2022-08-26 07:20:52.584587+00:00,Completed
196,162,Finland,aalto university,"Electrical Engineering, Electronic Engineering, Information Engineering",Graduate student,,Learner,I would like to watch and exercise with others in-person,"Not sure I can attend, but please keep me informed",2022-09-12 12:55:11.025333+00:00,Completed
197,235,Finland,Aalto university,Computer and Information Sciences,Undergrad. student,National HPC center,Learner,I would like to watch and exercise with others in-person,"Wed, Sep 21 (Day 2); Thu, Sep 22 (Day 3); Tue, Sep 27 (Day 4); Not sure I can attend, but please keep me informed",2022-09-19 20:37:25.218697+00:00,Completed
198,50,Sweden,Uppsala University,Chemical Sciences,Graduate student,Educational institute,Learner,Only watching the stream,"Tue, Sep 20 (Day 1); Wed, Sep 21 (Day 2); Thu, Sep 22 (Day 3); Tue, Sep 27 (Day 4); Wed, Sep 28 (Day 5); Thu, Sep 29 (Day 6); Not sure I can attend, but please keep me informed",2022-07-22 16:49:33.083518+00:00,Completed
199,52,Sweden,IRF,Physical Sciences,Graduate student,,Learner,I would like to get more information and decide later,"Tue, Sep 20 (Day 1); Wed, Sep 21 (Day 2); Thu, Sep 22 (Day 3); Tue, Sep 27 (Day 4); Wed, Sep 28 (Day 5); Thu, Sep 29 (Day 6)",2022-07-25 10:58:47.055839+00:00,Completed
200,153,Finland,University of Helsinki,,,,Learner,Only watching the stream,"Not sure I can attend, but please keep me informed",2022-09-12 08:27:16.444512+00:00,Completed
201,168,Finland,Aalto University,"Electrical Engineering, Electronic Engineering, Information Engineering",Graduate student,Educational institute,Learner,Only watching the stream,"Not sure I can attend, but please keep me informed",2022-09-13 07:36:13.353453+00:00,Completed
202,29,France,Université Rennes 1,Chemical Sciences,Graduate student,Educational institute,Learner,I would like to get more information and decide later,"Tue, Sep 20 (Day 1); Wed, Sep 21 (Day 2); Thu, Sep 22 (Day 3); Tue, Sep 27 (Day 4); Wed, Sep 28 (Day 5); Thu, Sep 29 (Day 6)",2022-07-04 12:46:33.979022+00:00,Completed
203,217,Sweden,Sahlgrenska University Hospital,Physical Sciences,Undergrad. student,Friend / Colleague,Learner,I would like to watch and exercise with others in-person,"Wed, Sep 21 (Day 2); Thu, Sep 22 (Day 3); Tue, Sep 27 (Day 4); Wed, Sep 28 (Day 5); Thu, Sep 29 (Day 6)",2022-09-19 06:54:22.200403+00:00,Completed
